timestep,reward,score,x,rings,screen_x,y
1.0,80.0,0.0,80.0,944.0,0.0,0.0
2.0,80.0,0.0,80.0,944.0,0.0,0.0
3.0,80.0,0.0,80.0,944.0,0.0,0.0
4.0,80.0,0.0,80.0,944.0,0.0,0.0
5.0,80.0,0.0,80.0,944.0,0.0,0.0
6.0,80.0,0.0,80.0,944.0,0.0,0.0
7.0,80.0,0.0,80.0,944.0,0.0,0.0
8.0,80.0,0.0,80.0,944.0,0.0,0.0
9.0,80.0,0.0,80.0,944.0,0.0,0.0
10.0,80.0,0.0,80.0,944.0,0.0,0.0
11.0,80.0,0.0,80.0,944.0,0.0,0.0
12.0,80.0,0.0,80.0,944.0,0.0,0.0
13.0,80.0,0.0,80.0,944.0,0.0,0.0
14.0,80.0,0.0,80.0,944.0,0.0,0.0
15.0,80.0,0.0,80.0,944.0,0.0,0.0
16.0,80.0,0.0,80.0,944.0,0.0,0.0
17.0,80.0,0.0,80.0,944.0,0.0,0.0
18.0,80.0,0.0,80.0,944.0,0.0,0.0
19.0,80.0,0.0,80.0,944.0,0.0,0.0
20.0,80.0,0.0,80.0,944.0,0.0,0.0
21.0,80.0,0.0,80.0,944.0,0.0,0.0
22.0,80.0,0.0,80.0,944.0,0.0,0.0
23.0,80.0,0.0,80.0,944.0,0.0,0.0
24.0,80.0,0.0,80.0,944.0,0.0,0.0
25.0,80.0,0.0,80.0,944.0,0.0,0.0
26.0,80.0,0.0,80.0,944.0,0.0,0.0
27.0,80.0,0.0,80.0,944.0,0.0,0.0
28.0,80.0,0.0,80.0,944.0,0.0,0.0
29.0,80.0,0.0,80.0,944.0,0.0,0.0
30.0,81.0,0.0,81.0,944.0,0.0,0.0
31.0,81.0,0.0,81.0,944.0,0.0,0.0
32.0,81.0,0.0,81.0,944.0,0.0,0.0
33.0,82.0,0.0,82.0,944.0,0.0,0.0
34.0,82.0,0.0,82.0,944.0,0.0,0.0
35.0,82.0,0.0,82.0,949.0,0.0,0.0
36.0,82.0,0.0,82.0,943.0,0.0,0.0
37.0,82.0,0.0,82.0,936.0,0.0,0.0
38.0,82.0,0.0,82.0,930.0,0.0,0.0
39.0,82.0,0.0,82.0,926.0,0.0,0.0
40.0,82.0,0.0,82.0,923.0,0.0,0.0
41.0,83.0,0.0,83.0,919.0,0.0,0.0
42.0,83.0,0.0,83.0,916.0,0.0,0.0
43.0,83.0,0.0,83.0,913.0,0.0,0.0
44.0,84.0,0.0,84.0,910.0,0.0,0.0
45.0,85.0,0.0,85.0,907.0,0.0,0.0
46.0,85.0,0.0,85.0,905.0,0.0,0.0
47.0,86.0,0.0,86.0,902.0,0.0,0.0
48.0,87.0,0.0,87.0,900.0,0.0,0.0
49.0,88.0,0.0,88.0,898.0,0.0,0.0
50.0,89.0,0.0,89.0,897.0,0.0,0.0
51.0,90.0,0.0,90.0,895.0,0.0,0.0
52.0,91.0,0.0,91.0,894.0,0.0,0.0
53.0,92.0,0.0,92.0,893.0,0.0,0.0
54.0,93.0,0.0,93.0,893.0,0.0,0.0
55.0,94.0,0.0,94.0,892.0,0.0,0.0
56.0,96.0,0.0,96.0,892.0,0.0,0.0
57.0,97.0,0.0,97.0,892.0,0.0,0.0
58.0,98.0,0.0,98.0,892.0,0.0,0.0
59.0,100.0,0.0,100.0,892.0,0.0,0.0
60.0,102.0,0.0,102.0,893.0,0.0,0.0
61.0,103.0,0.0,103.0,894.0,0.0,0.0
62.0,105.0,0.0,105.0,895.0,0.0,0.0
63.0,107.0,0.0,107.0,896.0,0.0,0.0
64.0,109.0,0.0,109.0,898.0,0.0,0.0
65.0,111.0,0.0,111.0,899.0,0.0,0.0
66.0,114.0,0.0,114.0,901.0,0.0,0.0
67.0,116.0,0.0,116.0,903.0,0.0,0.0
68.0,118.0,0.0,118.0,906.0,0.0,0.0
69.0,121.0,0.0,121.0,908.0,0.0,0.0
70.0,123.0,0.0,123.0,911.0,0.0,0.0
71.0,126.0,0.0,126.0,914.0,0.0,0.0
72.0,129.0,0.0,129.0,917.0,0.0,0.0
73.0,132.0,0.0,132.0,921.0,0.0,0.0
74.0,135.0,0.0,135.0,924.0,0.0,0.0
75.0,138.0,0.0,138.0,928.0,0.0,0.0
76.0,141.0,0.0,141.0,932.0,0.0,0.0
77.0,144.0,0.0,144.0,937.0,0.0,0.0
78.0,147.0,0.0,147.0,941.0,0.0,0.0
79.0,151.0,0.0,151.0,940.0,0.0,0.0
80.0,154.0,0.0,154.0,940.0,0.0,0.0
81.0,158.0,0.0,158.0,940.0,0.0,0.0
82.0,161.0,0.0,161.0,940.0,0.0,1.0
83.0,165.0,0.0,165.0,940.0,0.0,5.0
84.0,169.0,0.0,169.0,940.0,0.0,9.0
85.0,172.0,0.0,172.0,940.0,0.0,12.0
86.0,176.0,0.0,176.0,940.0,0.0,16.0
87.0,180.0,0.0,180.0,940.0,0.0,20.0
88.0,184.0,0.0,184.0,940.0,0.0,24.0
89.0,188.0,0.0,188.0,940.0,0.0,28.0
90.0,192.0,0.0,192.0,940.0,0.0,32.0
91.0,196.0,0.0,196.0,940.0,0.0,36.0
92.0,200.0,0.0,200.0,940.0,0.0,40.0
93.0,204.0,0.0,204.0,940.0,0.0,44.0
94.0,208.0,0.0,208.0,940.0,0.0,48.0
95.0,212.0,0.0,212.0,940.0,0.0,52.0
96.0,216.0,0.0,216.0,940.0,0.0,56.0
97.0,220.0,0.0,220.0,940.0,0.0,60.0
98.0,225.0,0.0,225.0,940.0,0.0,65.0
99.0,229.0,0.0,229.0,940.0,0.0,69.0
100.0,234.0,0.0,234.0,940.0,0.0,74.0
101.0,238.0,0.0,238.0,940.0,0.0,78.0
102.0,242.0,0.0,242.0,940.0,0.0,82.0
103.0,247.0,0.0,247.0,940.0,0.0,87.0
104.0,252.0,0.0,252.0,940.0,0.0,92.0
105.0,256.0,0.0,256.0,940.0,0.0,96.0
106.0,261.0,0.0,261.0,940.0,0.0,101.0
107.0,266.0,0.0,266.0,940.0,0.0,106.0
108.0,270.0,0.0,270.0,940.0,0.0,110.0
109.0,275.0,0.0,275.0,940.0,0.0,115.0
110.0,280.0,0.0,280.0,940.0,0.0,120.0
111.0,285.0,0.0,285.0,942.0,0.0,125.0
112.0,290.0,0.0,290.0,943.0,0.0,130.0
113.0,295.0,0.0,295.0,943.0,0.0,135.0
114.0,300.0,0.0,300.0,944.0,0.0,140.0
115.0,305.0,0.0,305.0,945.0,0.0,145.0
116.0,310.0,0.0,310.0,945.0,0.0,150.0
117.0,316.0,0.0,316.0,944.0,0.0,156.0
118.0,321.0,0.0,321.0,946.0,0.0,161.0
119.0,326.0,0.0,326.0,946.0,0.0,166.0
120.0,332.0,0.0,332.0,945.0,0.0,172.0
121.0,337.0,0.0,337.0,944.0,0.0,177.0
122.0,343.0,0.0,343.0,943.0,0.0,183.0
123.0,348.0,0.0,348.0,943.0,0.0,188.0
124.0,354.0,0.0,354.0,942.0,0.0,194.0
125.0,359.0,0.0,359.0,943.0,0.0,199.0
126.0,365.0,0.0,365.0,943.0,0.0,205.0
127.0,370.0,0.0,370.0,942.0,0.0,210.0
128.0,376.0,0.0,376.0,940.0,0.0,216.0
129.0,382.0,0.0,382.0,940.0,0.0,222.0
130.0,387.0,0.0,387.0,940.0,0.0,227.0
131.0,393.0,0.0,393.0,940.0,0.0,233.0
132.0,399.0,0.0,399.0,940.0,0.0,239.0
133.0,405.0,0.0,405.0,940.0,0.0,245.0
134.0,411.0,0.0,411.0,940.0,0.0,251.0
135.0,417.0,0.0,417.0,940.0,0.0,257.0
136.0,423.0,0.0,423.0,940.0,0.0,263.0
137.0,429.0,0.0,429.0,940.0,0.0,269.0
138.0,435.0,0.0,435.0,940.0,0.0,275.0
139.0,441.0,0.0,441.0,940.0,0.0,281.0
140.0,447.0,0.0,447.0,940.0,0.0,287.0
141.0,453.0,0.0,453.0,940.0,0.0,293.0
142.0,459.0,0.0,459.0,940.0,0.0,299.0
143.0,465.0,0.0,465.0,940.0,0.0,305.0
144.0,471.0,0.0,471.0,940.0,0.0,311.0
145.0,477.0,0.0,477.0,940.0,0.0,317.0
146.0,483.0,0.0,483.0,940.0,0.0,323.0
147.0,489.0,0.0,489.0,940.0,0.0,329.0
148.0,495.0,0.0,495.0,940.0,0.0,335.0
149.0,501.0,0.0,501.0,940.0,0.0,341.0
150.0,507.0,0.0,507.0,940.0,0.0,347.0
151.0,513.0,0.0,513.0,940.0,0.0,353.0
152.0,519.0,0.0,519.0,940.0,0.0,359.0
153.0,525.0,0.0,525.0,940.0,0.0,365.0
154.0,531.0,0.0,531.0,940.0,0.0,371.0
155.0,537.0,0.0,537.0,940.0,0.0,377.0
156.0,543.0,0.0,543.0,940.0,0.0,383.0
157.0,549.0,0.0,549.0,940.0,0.0,389.0
158.0,555.0,0.0,555.0,940.0,0.0,395.0
159.0,561.0,0.0,561.0,940.0,0.0,401.0
160.0,567.0,0.0,567.0,940.0,0.0,407.0
161.0,573.0,0.0,573.0,942.0,0.0,413.0
162.0,579.0,0.0,579.0,943.0,0.0,419.0
163.0,585.0,0.0,585.0,944.0,0.0,425.0
164.0,591.0,0.0,591.0,944.0,0.0,431.0
165.0,597.0,0.0,597.0,945.0,0.0,437.0
166.0,603.0,0.0,603.0,946.0,0.0,443.0
167.0,609.0,0.0,609.0,946.0,0.0,449.0
168.0,615.0,0.0,615.0,946.0,0.0,455.0
169.0,621.0,0.0,621.0,947.0,0.0,461.0
170.0,627.0,0.0,627.0,947.0,0.0,467.0
171.0,633.0,0.0,633.0,949.0,0.0,473.0
172.0,639.0,0.0,639.0,948.0,0.0,479.0
173.0,645.0,0.0,645.0,948.0,0.0,485.0
174.0,651.0,0.0,651.0,947.0,0.0,491.0
175.0,657.0,0.0,657.0,947.0,0.0,497.0
176.0,663.0,0.0,663.0,946.0,0.0,503.0
177.0,669.0,0.0,669.0,946.0,0.0,509.0
178.0,675.0,0.0,675.0,946.0,0.0,515.0
179.0,681.0,0.0,681.0,945.0,0.0,521.0
180.0,687.0,0.0,687.0,944.0,0.0,527.0
181.0,693.0,0.0,693.0,944.0,0.0,533.0
182.0,699.0,0.0,699.0,943.0,0.0,539.0
183.0,705.0,0.0,705.0,942.0,0.0,545.0
184.0,711.0,0.0,711.0,940.0,0.0,551.0
185.0,717.0,0.0,717.0,940.0,0.0,557.0
186.0,723.0,0.0,723.0,940.0,0.0,563.0
187.0,729.0,0.0,729.0,940.0,0.0,569.0
188.0,735.0,0.0,735.0,940.0,0.0,575.0
189.0,741.0,0.0,741.0,940.0,0.0,581.0
190.0,747.0,0.0,747.0,940.0,0.0,587.0
191.0,753.0,0.0,753.0,940.0,0.0,593.0
192.0,759.0,0.0,759.0,940.0,0.0,599.0
193.0,765.0,0.0,765.0,940.0,0.0,599.0
194.0,765.0,0.0,765.0,933.0,0.0,599.0
195.0,765.0,0.0,765.0,926.0,0.0,599.0
196.0,765.0,0.0,765.0,920.0,0.0,599.0
197.0,765.0,0.0,765.0,913.0,0.0,599.0
198.0,765.0,0.0,765.0,907.0,0.0,599.0
199.0,765.0,0.0,765.0,901.0,0.0,599.0
200.0,765.0,0.0,765.0,896.0,0.0,599.0
201.0,765.0,0.0,765.0,890.0,0.0,599.0
202.0,765.0,0.0,765.0,885.0,0.0,599.0
203.0,765.0,0.0,765.0,880.0,0.0,599.0
204.0,765.0,0.0,765.0,875.0,0.0,599.0
205.0,765.0,0.0,765.0,871.0,0.0,599.0
206.0,765.0,0.0,765.0,866.0,0.0,599.0
207.0,765.0,0.0,765.0,862.0,0.0,599.0
208.0,765.0,0.0,765.0,858.0,0.0,599.0
209.0,765.0,0.0,765.0,854.0,0.0,599.0
210.0,765.0,0.0,765.0,851.0,0.0,599.0
211.0,765.0,0.0,765.0,848.0,0.0,599.0
212.0,765.0,0.0,765.0,845.0,0.0,599.0
213.0,765.0,0.0,765.0,842.0,0.0,599.0
214.0,765.0,0.0,765.0,839.0,0.0,599.0
215.0,765.0,0.0,765.0,837.0,0.0,599.0
216.0,765.0,0.0,765.0,835.0,0.0,599.0
217.0,765.0,0.0,765.0,833.0,0.0,599.0
218.0,765.0,0.0,765.0,831.0,0.0,599.0
219.0,765.0,0.0,765.0,829.0,0.0,599.0
220.0,765.0,0.0,765.0,828.0,0.0,599.0
221.0,765.0,0.0,765.0,827.0,0.0,599.0
222.0,765.0,0.0,765.0,826.0,0.0,599.0
223.0,765.0,0.0,765.0,825.0,0.0,599.0
224.0,765.0,0.0,765.0,825.0,0.0,599.0
225.0,765.0,0.0,765.0,825.0,0.0,599.0
226.0,765.0,0.0,765.0,825.0,0.0,599.0
227.0,765.0,0.0,765.0,825.0,0.0,599.0
228.0,765.0,0.0,765.0,825.0,0.0,599.0
229.0,765.0,0.0,765.0,826.0,0.0,599.0
230.0,765.0,0.0,765.0,827.0,0.0,599.0
231.0,765.0,0.0,765.0,828.0,0.0,599.0
232.0,765.0,0.0,765.0,829.0,0.0,599.0
233.0,765.0,0.0,765.0,831.0,0.0,599.0
234.0,765.0,0.0,765.0,833.0,0.0,599.0
235.0,765.0,0.0,765.0,835.0,0.0,599.0
236.0,765.0,0.0,765.0,837.0,0.0,599.0
237.0,765.0,0.0,765.0,839.0,0.0,599.0
238.0,765.0,0.0,765.0,842.0,0.0,599.0
239.0,765.0,0.0,765.0,845.0,0.0,599.0
240.0,765.0,0.0,765.0,848.0,0.0,599.0
241.0,765.0,0.0,765.0,851.0,0.0,599.0
242.0,765.0,0.0,765.0,854.0,0.0,599.0
243.0,765.0,0.0,765.0,858.0,0.0,599.0
244.0,765.0,0.0,765.0,862.0,0.0,599.0
245.0,765.0,0.0,765.0,866.0,0.0,599.0
246.0,765.0,0.0,765.0,871.0,0.0,599.0
247.0,765.0,0.0,765.0,875.0,0.0,599.0
248.0,765.0,0.0,765.0,880.0,0.0,599.0
249.0,765.0,0.0,765.0,885.0,0.0,599.0
250.0,765.0,0.0,765.0,890.0,0.0,599.0
251.0,765.0,0.0,765.0,896.0,0.0,599.0
252.0,765.0,0.0,765.0,901.0,0.0,599.0
253.0,765.0,0.0,765.0,907.0,0.0,599.0
254.0,765.0,0.0,765.0,913.0,0.0,599.0
255.0,765.0,0.0,765.0,920.0,0.0,599.0
256.0,765.0,0.0,765.0,926.0,0.0,599.0
257.0,765.0,0.0,765.0,933.0,0.0,599.0
258.0,765.0,0.0,765.0,940.0,0.0,599.0
259.0,765.0,0.0,765.0,947.0,0.0,599.0
260.0,765.0,0.0,765.0,955.0,0.0,599.0
261.0,765.0,0.0,765.0,962.0,0.0,599.0
262.0,765.0,0.0,765.0,970.0,0.0,599.0
263.0,765.0,0.0,765.0,978.0,0.0,599.0
264.0,765.0,0.0,765.0,987.0,0.0,599.0
265.0,765.0,0.0,765.0,995.0,0.0,599.0
266.0,765.0,0.0,765.0,1004.0,0.0,599.0
267.0,765.0,0.0,765.0,1013.0,0.0,599.0
268.0,765.0,0.0,765.0,1022.0,0.0,599.0
269.0,765.0,0.0,765.0,1032.0,0.0,599.0
270.0,765.0,0.0,765.0,1031.0,0.0,599.0
271.0,80.0,0.0,80.0,944.0,0.0,0.0
272.0,80.0,0.0,80.0,944.0,0.0,0.0
273.0,80.0,0.0,80.0,944.0,0.0,0.0
274.0,80.0,0.0,80.0,944.0,0.0,0.0
275.0,80.0,0.0,80.0,944.0,0.0,0.0
276.0,80.0,0.0,80.0,944.0,0.0,0.0
277.0,80.0,0.0,80.0,944.0,0.0,0.0
278.0,80.0,0.0,80.0,944.0,0.0,0.0
279.0,80.0,0.0,80.0,944.0,0.0,0.0
280.0,80.0,0.0,80.0,944.0,0.0,0.0
281.0,80.0,0.0,80.0,944.0,0.0,0.0
282.0,80.0,0.0,80.0,944.0,0.0,0.0
283.0,80.0,0.0,80.0,944.0,0.0,0.0
284.0,80.0,0.0,80.0,944.0,0.0,0.0
285.0,80.0,0.0,80.0,944.0,0.0,0.0
286.0,80.0,0.0,80.0,944.0,0.0,0.0
287.0,80.0,0.0,80.0,944.0,0.0,0.0
288.0,80.0,0.0,80.0,944.0,0.0,0.0
289.0,80.0,0.0,80.0,944.0,0.0,0.0
290.0,80.0,0.0,80.0,944.0,0.0,0.0
291.0,80.0,0.0,80.0,944.0,0.0,0.0
292.0,80.0,0.0,80.0,944.0,0.0,0.0
293.0,80.0,0.0,80.0,944.0,0.0,0.0
294.0,80.0,0.0,80.0,944.0,0.0,0.0
295.0,80.0,0.0,80.0,944.0,0.0,0.0
296.0,80.0,0.0,80.0,944.0,0.0,0.0
297.0,80.0,0.0,80.0,944.0,0.0,0.0
298.0,80.0,0.0,80.0,944.0,0.0,0.0
299.0,80.0,0.0,80.0,944.0,0.0,0.0
300.0,81.0,0.0,81.0,944.0,0.0,0.0
301.0,81.0,0.0,81.0,944.0,0.0,0.0
302.0,81.0,0.0,81.0,944.0,0.0,0.0
303.0,82.0,0.0,82.0,944.0,0.0,0.0
304.0,82.0,0.0,82.0,944.0,0.0,0.0
305.0,82.0,0.0,82.0,949.0,0.0,0.0
306.0,82.0,0.0,82.0,943.0,0.0,0.0
307.0,82.0,0.0,82.0,936.0,0.0,0.0
308.0,82.0,0.0,82.0,930.0,0.0,0.0
309.0,82.0,0.0,82.0,926.0,0.0,0.0
310.0,82.0,0.0,82.0,923.0,0.0,0.0
311.0,83.0,0.0,83.0,919.0,0.0,0.0
312.0,83.0,0.0,83.0,916.0,0.0,0.0
313.0,83.0,0.0,83.0,913.0,0.0,0.0
314.0,84.0,0.0,84.0,910.0,0.0,0.0
315.0,85.0,0.0,85.0,907.0,0.0,0.0
316.0,85.0,0.0,85.0,905.0,0.0,0.0
317.0,86.0,0.0,86.0,902.0,0.0,0.0
318.0,87.0,0.0,87.0,900.0,0.0,0.0
319.0,88.0,0.0,88.0,898.0,0.0,0.0
320.0,89.0,0.0,89.0,897.0,0.0,0.0
321.0,90.0,0.0,90.0,895.0,0.0,0.0
322.0,91.0,0.0,91.0,894.0,0.0,0.0
323.0,92.0,0.0,92.0,893.0,0.0,0.0
324.0,93.0,0.0,93.0,893.0,0.0,0.0
325.0,94.0,0.0,94.0,892.0,0.0,0.0
326.0,96.0,0.0,96.0,892.0,0.0,0.0
327.0,97.0,0.0,97.0,892.0,0.0,0.0
328.0,98.0,0.0,98.0,892.0,0.0,0.0
329.0,100.0,0.0,100.0,892.0,0.0,0.0
330.0,102.0,0.0,102.0,893.0,0.0,0.0
331.0,103.0,0.0,103.0,894.0,0.0,0.0
332.0,105.0,0.0,105.0,895.0,0.0,0.0
333.0,107.0,0.0,107.0,896.0,0.0,0.0
334.0,109.0,0.0,109.0,898.0,0.0,0.0
335.0,111.0,0.0,111.0,899.0,0.0,0.0
336.0,114.0,0.0,114.0,901.0,0.0,0.0
337.0,116.0,0.0,116.0,903.0,0.0,0.0
338.0,118.0,0.0,118.0,906.0,0.0,0.0
339.0,121.0,0.0,121.0,908.0,0.0,0.0
340.0,123.0,0.0,123.0,911.0,0.0,0.0
341.0,126.0,0.0,126.0,914.0,0.0,0.0
342.0,129.0,0.0,129.0,917.0,0.0,0.0
343.0,132.0,0.0,132.0,921.0,0.0,0.0
344.0,135.0,0.0,135.0,924.0,0.0,0.0
345.0,138.0,0.0,138.0,928.0,0.0,0.0
346.0,141.0,0.0,141.0,932.0,0.0,0.0
347.0,144.0,0.0,144.0,937.0,0.0,0.0
348.0,147.0,0.0,147.0,941.0,0.0,0.0
349.0,151.0,0.0,151.0,940.0,0.0,0.0
350.0,154.0,0.0,154.0,940.0,0.0,0.0
351.0,158.0,0.0,158.0,940.0,0.0,0.0
352.0,161.0,0.0,161.0,940.0,0.0,1.0
353.0,165.0,0.0,165.0,940.0,0.0,5.0
354.0,169.0,0.0,169.0,940.0,0.0,9.0
355.0,172.0,0.0,172.0,940.0,0.0,12.0
356.0,176.0,0.0,176.0,940.0,0.0,16.0
357.0,180.0,0.0,180.0,940.0,0.0,20.0
358.0,184.0,0.0,184.0,940.0,0.0,24.0
359.0,188.0,0.0,188.0,940.0,0.0,28.0
360.0,192.0,0.0,192.0,940.0,0.0,32.0
361.0,196.0,0.0,196.0,940.0,0.0,36.0
362.0,200.0,0.0,200.0,940.0,0.0,40.0
363.0,204.0,0.0,204.0,940.0,0.0,44.0
364.0,208.0,0.0,208.0,940.0,0.0,48.0
365.0,212.0,0.0,212.0,940.0,0.0,52.0
366.0,216.0,0.0,216.0,940.0,0.0,56.0
367.0,220.0,0.0,220.0,940.0,0.0,60.0
368.0,225.0,0.0,225.0,940.0,0.0,65.0
369.0,229.0,0.0,229.0,940.0,0.0,69.0
370.0,234.0,0.0,234.0,940.0,0.0,74.0
371.0,238.0,0.0,238.0,940.0,0.0,78.0
372.0,242.0,0.0,242.0,940.0,0.0,82.0
373.0,247.0,0.0,247.0,940.0,0.0,87.0
374.0,252.0,0.0,252.0,940.0,0.0,92.0
375.0,256.0,0.0,256.0,940.0,0.0,96.0
376.0,261.0,0.0,261.0,940.0,0.0,101.0
377.0,266.0,0.0,266.0,940.0,0.0,106.0
378.0,270.0,0.0,270.0,940.0,0.0,110.0
379.0,275.0,0.0,275.0,940.0,0.0,115.0
380.0,280.0,0.0,280.0,940.0,0.0,120.0
381.0,285.0,0.0,285.0,942.0,0.0,125.0
382.0,290.0,0.0,290.0,943.0,0.0,130.0
383.0,295.0,0.0,295.0,943.0,0.0,135.0
384.0,300.0,0.0,300.0,944.0,0.0,140.0
385.0,305.0,0.0,305.0,945.0,0.0,145.0
386.0,310.0,0.0,310.0,945.0,0.0,150.0
387.0,316.0,0.0,316.0,944.0,0.0,156.0
388.0,321.0,0.0,321.0,946.0,0.0,161.0
389.0,326.0,0.0,326.0,946.0,0.0,166.0
390.0,332.0,0.0,332.0,945.0,0.0,172.0
391.0,337.0,0.0,337.0,944.0,0.0,177.0
392.0,343.0,0.0,343.0,943.0,0.0,183.0
393.0,348.0,0.0,348.0,943.0,0.0,188.0
394.0,354.0,0.0,354.0,942.0,0.0,194.0
395.0,359.0,0.0,359.0,943.0,0.0,199.0
396.0,365.0,0.0,365.0,943.0,0.0,205.0
397.0,370.0,0.0,370.0,942.0,0.0,210.0
398.0,376.0,0.0,376.0,940.0,0.0,216.0
399.0,382.0,0.0,382.0,940.0,0.0,222.0
400.0,387.0,0.0,387.0,940.0,0.0,227.0
401.0,393.0,0.0,393.0,940.0,0.0,233.0
402.0,399.0,0.0,399.0,940.0,0.0,239.0
403.0,405.0,0.0,405.0,940.0,0.0,245.0
404.0,411.0,0.0,411.0,940.0,0.0,251.0
405.0,417.0,0.0,417.0,940.0,0.0,257.0
406.0,423.0,0.0,423.0,940.0,0.0,263.0
407.0,429.0,0.0,429.0,940.0,0.0,269.0
408.0,435.0,0.0,435.0,940.0,0.0,275.0
409.0,441.0,0.0,441.0,940.0,0.0,281.0
410.0,447.0,0.0,447.0,940.0,0.0,287.0
411.0,453.0,0.0,453.0,940.0,0.0,293.0
412.0,459.0,0.0,459.0,940.0,0.0,299.0
413.0,465.0,0.0,465.0,940.0,0.0,305.0
414.0,471.0,0.0,471.0,940.0,0.0,311.0
415.0,477.0,0.0,477.0,940.0,0.0,317.0
416.0,483.0,0.0,483.0,940.0,0.0,323.0
417.0,489.0,0.0,489.0,940.0,0.0,329.0
418.0,495.0,0.0,495.0,940.0,0.0,335.0
419.0,501.0,0.0,501.0,940.0,0.0,341.0
420.0,507.0,0.0,507.0,940.0,0.0,347.0
421.0,513.0,0.0,513.0,940.0,0.0,353.0
422.0,519.0,0.0,519.0,940.0,0.0,359.0
423.0,525.0,0.0,525.0,940.0,0.0,365.0
424.0,531.0,0.0,531.0,940.0,0.0,371.0
425.0,537.0,0.0,537.0,940.0,0.0,377.0
426.0,543.0,0.0,543.0,940.0,0.0,383.0
427.0,549.0,0.0,549.0,940.0,0.0,389.0
428.0,555.0,0.0,555.0,940.0,0.0,395.0
429.0,561.0,0.0,561.0,940.0,0.0,401.0
430.0,567.0,0.0,567.0,940.0,0.0,407.0
431.0,573.0,0.0,573.0,942.0,0.0,413.0
432.0,579.0,0.0,579.0,943.0,0.0,419.0
433.0,585.0,0.0,585.0,944.0,0.0,425.0
434.0,591.0,0.0,591.0,944.0,0.0,431.0
435.0,597.0,0.0,597.0,945.0,0.0,437.0
436.0,603.0,0.0,603.0,946.0,0.0,443.0
437.0,609.0,0.0,609.0,946.0,0.0,449.0
438.0,615.0,0.0,615.0,946.0,0.0,455.0
439.0,621.0,0.0,621.0,947.0,0.0,461.0
440.0,627.0,0.0,627.0,947.0,0.0,467.0
441.0,633.0,0.0,633.0,949.0,0.0,473.0
442.0,639.0,0.0,639.0,948.0,0.0,479.0
443.0,645.0,0.0,645.0,948.0,0.0,485.0
444.0,651.0,0.0,651.0,947.0,0.0,491.0
445.0,657.0,0.0,657.0,947.0,0.0,497.0
446.0,663.0,0.0,663.0,946.0,0.0,503.0
447.0,669.0,0.0,669.0,946.0,0.0,509.0
448.0,675.0,0.0,675.0,946.0,0.0,515.0
449.0,681.0,0.0,681.0,945.0,0.0,521.0
450.0,687.0,0.0,687.0,944.0,0.0,527.0
451.0,693.0,0.0,693.0,944.0,0.0,533.0
452.0,699.0,0.0,699.0,943.0,0.0,539.0
453.0,705.0,0.0,705.0,942.0,0.0,545.0
454.0,711.0,0.0,711.0,940.0,0.0,551.0
455.0,717.0,0.0,717.0,940.0,0.0,557.0
456.0,723.0,0.0,723.0,940.0,0.0,563.0
457.0,729.0,0.0,729.0,940.0,0.0,569.0
458.0,735.0,0.0,735.0,940.0,0.0,575.0
459.0,741.0,0.0,741.0,940.0,0.0,581.0
460.0,747.0,0.0,747.0,940.0,0.0,587.0
461.0,753.0,0.0,753.0,940.0,0.0,593.0
462.0,759.0,0.0,759.0,940.0,0.0,599.0
463.0,765.0,0.0,765.0,940.0,0.0,599.0
464.0,765.0,0.0,765.0,933.0,0.0,599.0
465.0,765.0,0.0,765.0,926.0,0.0,599.0
466.0,765.0,0.0,765.0,920.0,0.0,599.0
467.0,765.0,0.0,765.0,913.0,0.0,599.0
468.0,765.0,0.0,765.0,907.0,0.0,599.0
469.0,765.0,0.0,765.0,901.0,0.0,599.0
470.0,765.0,0.0,765.0,896.0,0.0,599.0
471.0,765.0,0.0,765.0,890.0,0.0,599.0
472.0,765.0,0.0,765.0,885.0,0.0,599.0
473.0,765.0,0.0,765.0,880.0,0.0,599.0
474.0,765.0,0.0,765.0,875.0,0.0,599.0
475.0,765.0,0.0,765.0,871.0,0.0,599.0
476.0,765.0,0.0,765.0,866.0,0.0,599.0
477.0,765.0,0.0,765.0,862.0,0.0,599.0
478.0,765.0,0.0,765.0,858.0,0.0,599.0
479.0,765.0,0.0,765.0,854.0,0.0,599.0
480.0,765.0,0.0,765.0,851.0,0.0,599.0
481.0,765.0,0.0,765.0,848.0,0.0,599.0
482.0,765.0,0.0,765.0,845.0,0.0,599.0
483.0,765.0,0.0,765.0,842.0,0.0,599.0
484.0,765.0,0.0,765.0,839.0,0.0,599.0
485.0,765.0,0.0,765.0,837.0,0.0,599.0
486.0,765.0,0.0,765.0,835.0,0.0,599.0
487.0,765.0,0.0,765.0,833.0,0.0,599.0
488.0,765.0,0.0,765.0,831.0,0.0,599.0
489.0,765.0,0.0,765.0,829.0,0.0,599.0
490.0,765.0,0.0,765.0,828.0,0.0,599.0
491.0,765.0,0.0,765.0,827.0,0.0,599.0
492.0,765.0,0.0,765.0,826.0,0.0,599.0
493.0,765.0,0.0,765.0,825.0,0.0,599.0
494.0,765.0,0.0,765.0,825.0,0.0,599.0
495.0,765.0,0.0,765.0,825.0,0.0,599.0
496.0,765.0,0.0,765.0,825.0,0.0,599.0
497.0,765.0,0.0,765.0,825.0,0.0,599.0
498.0,765.0,0.0,765.0,825.0,0.0,599.0
499.0,765.0,0.0,765.0,826.0,0.0,599.0
500.0,765.0,0.0,765.0,827.0,0.0,599.0
501.0,765.0,0.0,765.0,828.0,0.0,599.0
502.0,765.0,0.0,765.0,829.0,0.0,599.0
503.0,765.0,0.0,765.0,831.0,0.0,599.0
504.0,765.0,0.0,765.0,833.0,0.0,599.0
505.0,765.0,0.0,765.0,835.0,0.0,599.0
506.0,765.0,0.0,765.0,837.0,0.0,599.0
507.0,765.0,0.0,765.0,839.0,0.0,599.0
508.0,765.0,0.0,765.0,842.0,0.0,599.0
509.0,765.0,0.0,765.0,845.0,0.0,599.0
510.0,765.0,0.0,765.0,848.0,0.0,599.0
511.0,765.0,0.0,765.0,851.0,0.0,599.0
512.0,765.0,0.0,765.0,854.0,0.0,599.0
513.0,765.0,0.0,765.0,858.0,0.0,599.0
514.0,765.0,0.0,765.0,862.0,0.0,599.0
515.0,765.0,0.0,765.0,866.0,0.0,599.0
516.0,765.0,0.0,765.0,871.0,0.0,599.0
517.0,765.0,0.0,765.0,875.0,0.0,599.0
518.0,765.0,0.0,765.0,880.0,0.0,599.0
519.0,765.0,0.0,765.0,885.0,0.0,599.0
520.0,765.0,0.0,765.0,890.0,0.0,599.0
521.0,765.0,0.0,765.0,896.0,0.0,599.0
522.0,765.0,0.0,765.0,901.0,0.0,599.0
523.0,765.0,0.0,765.0,907.0,0.0,599.0
524.0,765.0,0.0,765.0,913.0,0.0,599.0
525.0,765.0,0.0,765.0,920.0,0.0,599.0
526.0,765.0,0.0,765.0,926.0,0.0,599.0
527.0,765.0,0.0,765.0,933.0,0.0,599.0
528.0,765.0,0.0,765.0,940.0,0.0,599.0
529.0,765.0,0.0,765.0,947.0,0.0,599.0
530.0,765.0,0.0,765.0,955.0,0.0,599.0
531.0,765.0,0.0,765.0,962.0,0.0,599.0
532.0,765.0,0.0,765.0,970.0,0.0,599.0
533.0,765.0,0.0,765.0,978.0,0.0,599.0
534.0,765.0,0.0,765.0,987.0,0.0,599.0
535.0,765.0,0.0,765.0,995.0,0.0,599.0
536.0,765.0,0.0,765.0,1004.0,0.0,599.0
537.0,765.0,0.0,765.0,1013.0,0.0,599.0
538.0,765.0,0.0,765.0,1022.0,0.0,599.0
539.0,765.0,0.0,765.0,1032.0,0.0,599.0
540.0,765.0,0.0,765.0,1031.0,0.0,599.0
541.0,80.0,0.0,80.0,944.0,0.0,0.0
542.0,80.0,0.0,80.0,944.0,0.0,0.0
543.0,80.0,0.0,80.0,944.0,0.0,0.0
544.0,80.0,0.0,80.0,944.0,0.0,0.0
545.0,80.0,0.0,80.0,944.0,0.0,0.0
546.0,80.0,0.0,80.0,944.0,0.0,0.0
547.0,80.0,0.0,80.0,944.0,0.0,0.0
548.0,80.0,0.0,80.0,944.0,0.0,0.0
549.0,80.0,0.0,80.0,944.0,0.0,0.0
550.0,80.0,0.0,80.0,944.0,0.0,0.0
551.0,80.0,0.0,80.0,944.0,0.0,0.0
552.0,80.0,0.0,80.0,944.0,0.0,0.0
553.0,80.0,0.0,80.0,944.0,0.0,0.0
554.0,80.0,0.0,80.0,944.0,0.0,0.0
555.0,80.0,0.0,80.0,944.0,0.0,0.0
556.0,80.0,0.0,80.0,944.0,0.0,0.0
557.0,80.0,0.0,80.0,944.0,0.0,0.0
558.0,80.0,0.0,80.0,944.0,0.0,0.0
559.0,80.0,0.0,80.0,944.0,0.0,0.0
560.0,80.0,0.0,80.0,944.0,0.0,0.0
561.0,80.0,0.0,80.0,944.0,0.0,0.0
562.0,80.0,0.0,80.0,944.0,0.0,0.0
563.0,80.0,0.0,80.0,944.0,0.0,0.0
564.0,80.0,0.0,80.0,944.0,0.0,0.0
565.0,80.0,0.0,80.0,944.0,0.0,0.0
566.0,80.0,0.0,80.0,944.0,0.0,0.0
567.0,80.0,0.0,80.0,944.0,0.0,0.0
568.0,80.0,0.0,80.0,944.0,0.0,0.0
569.0,80.0,0.0,80.0,944.0,0.0,0.0
570.0,81.0,0.0,81.0,944.0,0.0,0.0
571.0,81.0,0.0,81.0,944.0,0.0,0.0
572.0,81.0,0.0,81.0,944.0,0.0,0.0
573.0,82.0,0.0,82.0,944.0,0.0,0.0
574.0,82.0,0.0,82.0,944.0,0.0,0.0
575.0,82.0,0.0,82.0,944.0,0.0,0.0
576.0,83.0,0.0,83.0,944.0,0.0,0.0
577.0,83.0,0.0,83.0,944.0,0.0,0.0
578.0,84.0,0.0,84.0,944.0,0.0,0.0
579.0,84.0,0.0,84.0,944.0,0.0,0.0
580.0,85.0,0.0,85.0,944.0,0.0,0.0
581.0,86.0,0.0,86.0,944.0,0.0,0.0
582.0,86.0,0.0,86.0,944.0,0.0,0.0
583.0,87.0,0.0,87.0,943.0,0.0,0.0
584.0,88.0,0.0,88.0,943.0,0.0,0.0
585.0,88.0,0.0,88.0,943.0,0.0,0.0
586.0,89.0,0.0,89.0,943.0,0.0,0.0
587.0,90.0,0.0,90.0,943.0,0.0,0.0
588.0,91.0,0.0,91.0,943.0,0.0,0.0
589.0,92.0,0.0,92.0,943.0,0.0,0.0
590.0,92.0,0.0,92.0,943.0,0.0,0.0
591.0,93.0,0.0,93.0,943.0,0.0,0.0
592.0,94.0,0.0,94.0,943.0,0.0,0.0
593.0,95.0,0.0,95.0,942.0,0.0,0.0
594.0,96.0,0.0,96.0,942.0,0.0,0.0
595.0,97.0,0.0,97.0,942.0,0.0,0.0
596.0,98.0,0.0,98.0,942.0,0.0,0.0
597.0,100.0,0.0,100.0,942.0,0.0,0.0
598.0,101.0,0.0,101.0,942.0,0.0,0.0
599.0,102.0,0.0,102.0,942.0,0.0,0.0
600.0,103.0,0.0,103.0,943.0,0.0,0.0
601.0,104.0,0.0,104.0,943.0,0.0,0.0
602.0,105.0,0.0,105.0,943.0,0.0,0.0
603.0,107.0,0.0,107.0,943.0,0.0,0.0
604.0,108.0,0.0,108.0,943.0,0.0,0.0
605.0,108.0,0.0,108.0,948.0,0.0,0.0
606.0,109.0,0.0,109.0,941.0,0.0,0.0
607.0,110.0,0.0,110.0,935.0,0.0,0.0
608.0,111.0,0.0,111.0,929.0,0.0,0.0
609.0,112.0,0.0,112.0,925.0,0.0,0.0
610.0,113.0,0.0,113.0,921.0,0.0,0.0
611.0,114.0,0.0,114.0,917.0,0.0,0.0
612.0,115.0,0.0,115.0,914.0,0.0,0.0
613.0,116.0,0.0,116.0,911.0,0.0,0.0
614.0,118.0,0.0,118.0,908.0,0.0,0.0
615.0,119.0,0.0,119.0,905.0,0.0,0.0
616.0,120.0,0.0,120.0,903.0,0.0,0.0
617.0,122.0,0.0,122.0,900.0,0.0,0.0
618.0,123.0,0.0,123.0,898.0,0.0,0.0
619.0,125.0,0.0,125.0,897.0,0.0,0.0
620.0,127.0,0.0,127.0,895.0,0.0,0.0
621.0,128.0,0.0,128.0,894.0,0.0,0.0
622.0,130.0,0.0,130.0,892.0,0.0,0.0
623.0,132.0,0.0,132.0,891.0,0.0,0.0
624.0,133.0,0.0,133.0,891.0,0.0,0.0
625.0,135.0,0.0,135.0,890.0,0.0,0.0
626.0,137.0,0.0,137.0,890.0,0.0,0.0
627.0,139.0,0.0,139.0,890.0,0.0,0.0
628.0,141.0,0.0,141.0,890.0,0.0,0.0
629.0,143.0,0.0,143.0,890.0,0.0,0.0
630.0,145.0,0.0,145.0,891.0,0.0,0.0
631.0,147.0,0.0,147.0,892.0,0.0,0.0
632.0,150.0,0.0,150.0,893.0,0.0,0.0
633.0,152.0,0.0,152.0,894.0,0.0,0.0
634.0,155.0,0.0,155.0,896.0,0.0,0.0
635.0,157.0,0.0,157.0,897.0,0.0,0.0
636.0,160.0,0.0,160.0,899.0,0.0,0.0
637.0,163.0,0.0,163.0,901.0,0.0,3.0
638.0,166.0,0.0,166.0,904.0,0.0,6.0
639.0,169.0,0.0,169.0,906.0,0.0,9.0
640.0,172.0,0.0,172.0,909.0,0.0,12.0
641.0,175.0,0.0,175.0,912.0,0.0,15.0
642.0,178.0,0.0,178.0,915.0,0.0,18.0
643.0,182.0,0.0,182.0,919.0,0.0,22.0
644.0,185.0,0.0,185.0,922.0,0.0,25.0
645.0,189.0,0.0,189.0,926.0,0.0,29.0
646.0,192.0,0.0,192.0,930.0,0.0,32.0
647.0,196.0,0.0,196.0,935.0,0.0,36.0
648.0,200.0,0.0,200.0,939.0,0.0,40.0
649.0,204.0,0.0,204.0,944.0,0.0,44.0
650.0,208.0,0.0,208.0,940.0,0.0,48.0
651.0,212.0,0.0,212.0,940.0,0.0,52.0
652.0,216.0,0.0,216.0,940.0,0.0,56.0
653.0,220.0,0.0,220.0,940.0,0.0,60.0
654.0,224.0,0.0,224.0,940.0,0.0,64.0
655.0,229.0,0.0,229.0,940.0,0.0,69.0
656.0,233.0,0.0,233.0,940.0,0.0,73.0
657.0,237.0,0.0,237.0,940.0,0.0,77.0
658.0,242.0,0.0,242.0,940.0,0.0,82.0
659.0,246.0,0.0,246.0,940.0,0.0,86.0
660.0,251.0,0.0,251.0,940.0,0.0,91.0
661.0,255.0,0.0,255.0,940.0,0.0,95.0
662.0,260.0,0.0,260.0,940.0,0.0,100.0
663.0,264.0,0.0,264.0,940.0,0.0,104.0
664.0,269.0,0.0,269.0,940.0,0.0,109.0
665.0,274.0,0.0,274.0,940.0,0.0,114.0
666.0,279.0,0.0,279.0,940.0,0.0,119.0
667.0,283.0,0.0,283.0,942.0,0.0,123.0
668.0,288.0,0.0,288.0,942.0,0.0,128.0
669.0,293.0,0.0,293.0,943.0,0.0,133.0
670.0,298.0,0.0,298.0,944.0,0.0,138.0
671.0,303.0,0.0,303.0,944.0,0.0,143.0
672.0,308.0,0.0,308.0,945.0,0.0,148.0
673.0,313.0,0.0,313.0,944.0,0.0,153.0
674.0,319.0,0.0,319.0,945.0,0.0,159.0
675.0,319.0,0.0,319.0,950.0,0.0,159.0
676.0,325.0,0.0,325.0,944.0,0.0,165.0
677.0,331.0,0.0,331.0,939.0,0.0,171.0
678.0,337.0,0.0,337.0,934.0,0.0,177.0
679.0,342.0,0.0,342.0,930.0,0.0,182.0
680.0,348.0,0.0,348.0,927.0,0.0,188.0
681.0,354.0,0.0,354.0,923.0,0.0,194.0
682.0,359.0,0.0,359.0,920.0,0.0,199.0
683.0,365.0,0.0,365.0,917.0,0.0,205.0
684.0,370.0,0.0,370.0,914.0,0.0,210.0
685.0,375.0,0.0,375.0,911.0,0.0,215.0
686.0,381.0,0.0,381.0,908.0,0.0,221.0
687.0,386.0,0.0,386.0,906.0,0.0,226.0
688.0,391.0,0.0,391.0,904.0,0.0,231.0
689.0,396.0,0.0,396.0,902.0,0.0,236.0
690.0,401.0,0.0,401.0,901.0,0.0,241.0
691.0,406.0,0.0,406.0,899.0,0.0,246.0
692.0,411.0,0.0,411.0,898.0,0.0,251.0
693.0,416.0,0.0,416.0,897.0,0.0,256.0
694.0,420.0,0.0,420.0,897.0,0.0,260.0
695.0,425.0,0.0,425.0,896.0,0.0,265.0
696.0,430.0,0.0,430.0,896.0,0.0,270.0
697.0,434.0,0.0,434.0,896.0,0.0,274.0
698.0,439.0,0.0,439.0,896.0,0.0,279.0
699.0,444.0,0.0,444.0,896.0,0.0,284.0
700.0,448.0,0.0,448.0,897.0,0.0,288.0
701.0,453.0,0.0,453.0,898.0,0.0,293.0
702.0,458.0,0.0,458.0,899.0,0.0,298.0
703.0,464.0,0.0,464.0,900.0,0.0,304.0
704.0,469.0,0.0,469.0,901.0,0.0,309.0
705.0,474.0,0.0,474.0,903.0,0.0,314.0
706.0,479.0,0.0,479.0,905.0,0.0,319.0
707.0,485.0,0.0,485.0,907.0,0.0,325.0
708.0,491.0,0.0,491.0,909.0,0.0,331.0
709.0,496.0,0.0,496.0,912.0,0.0,336.0
710.0,502.0,0.0,502.0,915.0,0.0,342.0
711.0,508.0,0.0,508.0,918.0,0.0,348.0
712.0,514.0,0.0,514.0,921.0,0.0,354.0
713.0,520.0,0.0,520.0,924.0,0.0,360.0
714.0,526.0,0.0,526.0,928.0,0.0,366.0
715.0,532.0,0.0,532.0,932.0,0.0,372.0
716.0,538.0,0.0,538.0,936.0,0.0,378.0
717.0,544.0,0.0,544.0,940.0,0.0,384.0
718.0,550.0,0.0,550.0,945.0,0.0,390.0
719.0,556.0,0.0,556.0,940.0,0.0,396.0
720.0,562.0,0.0,562.0,940.0,0.0,402.0
721.0,568.0,0.0,568.0,940.0,0.0,408.0
722.0,574.0,0.0,574.0,942.0,0.0,414.0
723.0,580.0,0.0,580.0,943.0,0.0,420.0
724.0,586.0,0.0,586.0,944.0,0.0,426.0
725.0,592.0,0.0,592.0,944.0,0.0,432.0
726.0,598.0,0.0,598.0,945.0,0.0,438.0
727.0,604.0,0.0,604.0,946.0,0.0,444.0
728.0,610.0,0.0,610.0,946.0,0.0,450.0
729.0,616.0,0.0,616.0,946.0,0.0,456.0
730.0,622.0,0.0,622.0,947.0,0.0,462.0
731.0,628.0,0.0,628.0,947.0,0.0,468.0
732.0,634.0,0.0,634.0,949.0,0.0,474.0
733.0,640.0,0.0,640.0,948.0,0.0,480.0
734.0,646.0,0.0,646.0,948.0,0.0,486.0
735.0,652.0,0.0,652.0,947.0,0.0,492.0
736.0,658.0,0.0,658.0,947.0,0.0,498.0
737.0,664.0,0.0,664.0,946.0,0.0,504.0
738.0,670.0,0.0,670.0,946.0,0.0,510.0
739.0,676.0,0.0,676.0,946.0,0.0,516.0
740.0,682.0,0.0,682.0,945.0,0.0,522.0
741.0,688.0,0.0,688.0,944.0,0.0,528.0
742.0,693.0,0.0,693.0,944.0,0.0,533.0
743.0,699.0,0.0,699.0,943.0,0.0,539.0
744.0,705.0,0.0,705.0,942.0,0.0,545.0
745.0,711.0,0.0,711.0,940.0,0.0,551.0
746.0,717.0,0.0,717.0,940.0,0.0,557.0
747.0,723.0,0.0,723.0,940.0,0.0,563.0
748.0,729.0,0.0,729.0,940.0,0.0,569.0
749.0,735.0,0.0,735.0,940.0,0.0,575.0
750.0,741.0,0.0,741.0,940.0,0.0,581.0
751.0,747.0,0.0,747.0,940.0,0.0,587.0
752.0,753.0,0.0,753.0,940.0,0.0,593.0
753.0,759.0,0.0,759.0,940.0,0.0,593.0
754.0,759.0,0.0,759.0,933.0,0.0,593.0
755.0,759.0,0.0,759.0,926.0,0.0,593.0
756.0,759.0,0.0,759.0,920.0,0.0,593.0
757.0,759.0,0.0,759.0,913.0,0.0,593.0
758.0,759.0,0.0,759.0,907.0,0.0,593.0
759.0,759.0,0.0,759.0,901.0,0.0,593.0
760.0,759.0,0.0,759.0,896.0,0.0,593.0
761.0,759.0,0.0,759.0,890.0,0.0,593.0
762.0,759.0,0.0,759.0,885.0,0.0,593.0
763.0,759.0,0.0,759.0,880.0,0.0,593.0
764.0,759.0,0.0,759.0,875.0,0.0,593.0
765.0,759.0,0.0,759.0,870.0,0.0,593.0
766.0,759.0,0.0,759.0,866.0,0.0,593.0
767.0,759.0,0.0,759.0,862.0,0.0,593.0
768.0,759.0,0.0,759.0,858.0,0.0,593.0
769.0,759.0,0.0,759.0,854.0,0.0,593.0
770.0,759.0,0.0,759.0,851.0,0.0,593.0
771.0,759.0,0.0,759.0,847.0,0.0,593.0
772.0,759.0,0.0,759.0,844.0,0.0,593.0
773.0,759.0,0.0,759.0,842.0,0.0,593.0
774.0,759.0,0.0,759.0,839.0,0.0,593.0
775.0,759.0,0.0,759.0,836.0,0.0,593.0
776.0,759.0,0.0,759.0,834.0,0.0,593.0
777.0,759.0,0.0,759.0,832.0,0.0,593.0
778.0,759.0,0.0,759.0,831.0,0.0,593.0
779.0,759.0,0.0,759.0,829.0,0.0,593.0
780.0,759.0,0.0,759.0,828.0,0.0,593.0
781.0,759.0,0.0,759.0,827.0,0.0,593.0
782.0,759.0,0.0,759.0,826.0,0.0,593.0
783.0,759.0,0.0,759.0,825.0,0.0,593.0
784.0,759.0,0.0,759.0,825.0,0.0,593.0
785.0,759.0,0.0,759.0,824.0,0.0,593.0
786.0,759.0,0.0,759.0,824.0,0.0,593.0
787.0,759.0,0.0,759.0,825.0,0.0,593.0
788.0,759.0,0.0,759.0,825.0,0.0,593.0
789.0,759.0,0.0,759.0,826.0,0.0,593.0
790.0,759.0,0.0,759.0,827.0,0.0,593.0
791.0,759.0,0.0,759.0,828.0,0.0,593.0
792.0,759.0,0.0,759.0,829.0,0.0,593.0
793.0,759.0,0.0,759.0,831.0,0.0,593.0
794.0,759.0,0.0,759.0,832.0,0.0,593.0
795.0,759.0,0.0,759.0,834.0,0.0,593.0
796.0,759.0,0.0,759.0,836.0,0.0,593.0
797.0,759.0,0.0,759.0,839.0,0.0,593.0
798.0,759.0,0.0,759.0,842.0,0.0,593.0
799.0,759.0,0.0,759.0,844.0,0.0,593.0
800.0,759.0,0.0,759.0,847.0,0.0,593.0
801.0,759.0,0.0,759.0,851.0,0.0,593.0
802.0,759.0,0.0,759.0,854.0,0.0,593.0
803.0,759.0,0.0,759.0,858.0,0.0,593.0
804.0,759.0,0.0,759.0,862.0,0.0,593.0
805.0,759.0,0.0,759.0,866.0,0.0,593.0
806.0,759.0,0.0,759.0,870.0,0.0,593.0
807.0,759.0,0.0,759.0,875.0,0.0,593.0
808.0,759.0,0.0,759.0,880.0,0.0,593.0
809.0,759.0,0.0,759.0,885.0,0.0,593.0
810.0,759.0,0.0,759.0,890.0,0.0,593.0
811.0,759.0,0.0,759.0,896.0,0.0,593.0
812.0,759.0,0.0,759.0,901.0,0.0,593.0
813.0,759.0,0.0,759.0,907.0,0.0,593.0
814.0,759.0,0.0,759.0,913.0,0.0,593.0
815.0,759.0,0.0,759.0,920.0,0.0,593.0
816.0,759.0,0.0,759.0,926.0,0.0,593.0
817.0,759.0,0.0,759.0,933.0,0.0,593.0
818.0,759.0,0.0,759.0,940.0,0.0,593.0
819.0,759.0,0.0,759.0,947.0,0.0,593.0
820.0,759.0,0.0,759.0,955.0,0.0,593.0
821.0,759.0,0.0,759.0,962.0,0.0,593.0
822.0,759.0,0.0,759.0,970.0,0.0,593.0
823.0,759.0,0.0,759.0,978.0,0.0,593.0
824.0,759.0,0.0,759.0,987.0,0.0,593.0
825.0,759.0,0.0,759.0,995.0,0.0,593.0
826.0,759.0,0.0,759.0,1004.0,0.0,593.0
827.0,759.0,0.0,759.0,1013.0,0.0,593.0
828.0,759.0,0.0,759.0,1022.0,0.0,593.0
829.0,759.0,0.0,759.0,1031.0,0.0,593.0
830.0,759.0,0.0,759.0,1031.0,0.0,593.0
831.0,80.0,0.0,80.0,944.0,0.0,0.0
832.0,80.0,0.0,80.0,944.0,0.0,0.0
833.0,80.0,0.0,80.0,944.0,0.0,0.0
834.0,80.0,0.0,80.0,944.0,0.0,0.0
835.0,80.0,0.0,80.0,944.0,0.0,0.0
836.0,80.0,0.0,80.0,944.0,0.0,0.0
837.0,80.0,0.0,80.0,944.0,0.0,0.0
838.0,80.0,0.0,80.0,944.0,0.0,0.0
839.0,80.0,0.0,80.0,944.0,0.0,0.0
840.0,80.0,0.0,80.0,944.0,0.0,0.0
841.0,80.0,0.0,80.0,944.0,0.0,0.0
842.0,80.0,0.0,80.0,944.0,0.0,0.0
843.0,80.0,0.0,80.0,944.0,0.0,0.0
844.0,80.0,0.0,80.0,944.0,0.0,0.0
845.0,80.0,0.0,80.0,944.0,0.0,0.0
846.0,80.0,0.0,80.0,944.0,0.0,0.0
847.0,80.0,0.0,80.0,944.0,0.0,0.0
848.0,80.0,0.0,80.0,944.0,0.0,0.0
849.0,80.0,0.0,80.0,944.0,0.0,0.0
850.0,80.0,0.0,80.0,944.0,0.0,0.0
851.0,80.0,0.0,80.0,944.0,0.0,0.0
852.0,80.0,0.0,80.0,944.0,0.0,0.0
853.0,80.0,0.0,80.0,944.0,0.0,0.0
854.0,80.0,0.0,80.0,944.0,0.0,0.0
855.0,80.0,0.0,80.0,944.0,0.0,0.0
856.0,80.0,0.0,80.0,944.0,0.0,0.0
857.0,80.0,0.0,80.0,944.0,0.0,0.0
858.0,80.0,0.0,80.0,944.0,0.0,0.0
859.0,80.0,0.0,80.0,944.0,0.0,0.0
860.0,81.0,0.0,81.0,944.0,0.0,0.0
861.0,81.0,0.0,81.0,944.0,0.0,0.0
862.0,81.0,0.0,81.0,944.0,0.0,0.0
863.0,82.0,0.0,82.0,944.0,0.0,0.0
864.0,82.0,0.0,82.0,944.0,0.0,0.0
865.0,82.0,0.0,82.0,949.0,0.0,0.0
866.0,82.0,0.0,82.0,943.0,0.0,0.0
867.0,82.0,0.0,82.0,936.0,0.0,0.0
868.0,82.0,0.0,82.0,930.0,0.0,0.0
869.0,82.0,0.0,82.0,926.0,0.0,0.0
870.0,82.0,0.0,82.0,923.0,0.0,0.0
871.0,83.0,0.0,83.0,919.0,0.0,0.0
872.0,83.0,0.0,83.0,916.0,0.0,0.0
873.0,83.0,0.0,83.0,913.0,0.0,0.0
874.0,84.0,0.0,84.0,910.0,0.0,0.0
875.0,85.0,0.0,85.0,907.0,0.0,0.0
876.0,85.0,0.0,85.0,905.0,0.0,0.0
877.0,86.0,0.0,86.0,902.0,0.0,0.0
878.0,87.0,0.0,87.0,900.0,0.0,0.0
879.0,88.0,0.0,88.0,898.0,0.0,0.0
880.0,89.0,0.0,89.0,897.0,0.0,0.0
881.0,90.0,0.0,90.0,895.0,0.0,0.0
882.0,91.0,0.0,91.0,894.0,0.0,0.0
883.0,92.0,0.0,92.0,893.0,0.0,0.0
884.0,93.0,0.0,93.0,893.0,0.0,0.0
885.0,94.0,0.0,94.0,892.0,0.0,0.0
886.0,96.0,0.0,96.0,892.0,0.0,0.0
887.0,97.0,0.0,97.0,892.0,0.0,0.0
888.0,98.0,0.0,98.0,892.0,0.0,0.0
889.0,100.0,0.0,100.0,892.0,0.0,0.0
890.0,102.0,0.0,102.0,893.0,0.0,0.0
891.0,103.0,0.0,103.0,894.0,0.0,0.0
892.0,105.0,0.0,105.0,895.0,0.0,0.0
893.0,107.0,0.0,107.0,896.0,0.0,0.0
894.0,109.0,0.0,109.0,898.0,0.0,0.0
895.0,111.0,0.0,111.0,899.0,0.0,0.0
896.0,114.0,0.0,114.0,901.0,0.0,0.0
897.0,116.0,0.0,116.0,903.0,0.0,0.0
898.0,118.0,0.0,118.0,906.0,0.0,0.0
899.0,121.0,0.0,121.0,908.0,0.0,0.0
900.0,123.0,0.0,123.0,911.0,0.0,0.0
901.0,126.0,0.0,126.0,914.0,0.0,0.0
902.0,129.0,0.0,129.0,917.0,0.0,0.0
903.0,132.0,0.0,132.0,921.0,0.0,0.0
904.0,135.0,0.0,135.0,924.0,0.0,0.0
905.0,138.0,0.0,138.0,928.0,0.0,0.0
906.0,141.0,0.0,141.0,932.0,0.0,0.0
907.0,144.0,0.0,144.0,937.0,0.0,0.0
908.0,147.0,0.0,147.0,941.0,0.0,0.0
909.0,151.0,0.0,151.0,940.0,0.0,0.0
910.0,154.0,0.0,154.0,940.0,0.0,0.0
911.0,158.0,0.0,158.0,940.0,0.0,0.0
912.0,161.0,0.0,161.0,940.0,0.0,1.0
913.0,165.0,0.0,165.0,940.0,0.0,5.0
914.0,169.0,0.0,169.0,940.0,0.0,9.0
915.0,172.0,0.0,172.0,940.0,0.0,12.0
916.0,176.0,0.0,176.0,940.0,0.0,16.0
917.0,180.0,0.0,180.0,940.0,0.0,20.0
918.0,184.0,0.0,184.0,940.0,0.0,24.0
919.0,188.0,0.0,188.0,940.0,0.0,28.0
920.0,192.0,0.0,192.0,940.0,0.0,32.0
921.0,196.0,0.0,196.0,940.0,0.0,36.0
922.0,200.0,0.0,200.0,940.0,0.0,40.0
923.0,204.0,0.0,204.0,940.0,0.0,44.0
924.0,208.0,0.0,208.0,940.0,0.0,48.0
925.0,212.0,0.0,212.0,940.0,0.0,52.0
926.0,216.0,0.0,216.0,940.0,0.0,56.0
927.0,220.0,0.0,220.0,940.0,0.0,60.0
928.0,225.0,0.0,225.0,940.0,0.0,65.0
929.0,229.0,0.0,229.0,940.0,0.0,69.0
930.0,234.0,0.0,234.0,940.0,0.0,74.0
931.0,238.0,0.0,238.0,940.0,0.0,78.0
932.0,242.0,0.0,242.0,940.0,0.0,82.0
933.0,247.0,0.0,247.0,940.0,0.0,87.0
934.0,252.0,0.0,252.0,940.0,0.0,92.0
935.0,256.0,0.0,256.0,940.0,0.0,96.0
936.0,261.0,0.0,261.0,940.0,0.0,101.0
937.0,266.0,0.0,266.0,940.0,0.0,106.0
938.0,270.0,0.0,270.0,940.0,0.0,110.0
939.0,275.0,0.0,275.0,940.0,0.0,115.0
940.0,280.0,0.0,280.0,940.0,0.0,120.0
941.0,285.0,0.0,285.0,942.0,0.0,125.0
942.0,290.0,0.0,290.0,943.0,0.0,130.0
943.0,295.0,0.0,295.0,943.0,0.0,135.0
944.0,300.0,0.0,300.0,944.0,0.0,140.0
945.0,305.0,0.0,305.0,945.0,0.0,145.0
946.0,310.0,0.0,310.0,945.0,0.0,150.0
947.0,316.0,0.0,316.0,944.0,0.0,156.0
948.0,321.0,0.0,321.0,946.0,0.0,161.0
949.0,326.0,0.0,326.0,946.0,0.0,166.0
950.0,332.0,0.0,332.0,945.0,0.0,172.0
951.0,337.0,0.0,337.0,944.0,0.0,177.0
952.0,343.0,0.0,343.0,943.0,0.0,183.0
953.0,348.0,0.0,348.0,943.0,0.0,188.0
954.0,354.0,0.0,354.0,942.0,0.0,194.0
955.0,359.0,0.0,359.0,943.0,0.0,199.0
956.0,365.0,0.0,365.0,943.0,0.0,205.0
957.0,370.0,0.0,370.0,942.0,0.0,210.0
958.0,376.0,0.0,376.0,940.0,0.0,216.0
959.0,382.0,0.0,382.0,940.0,0.0,222.0
960.0,387.0,0.0,387.0,940.0,0.0,227.0
961.0,393.0,0.0,393.0,940.0,0.0,233.0
962.0,399.0,0.0,399.0,940.0,0.0,239.0
963.0,405.0,0.0,405.0,940.0,0.0,245.0
964.0,411.0,0.0,411.0,940.0,0.0,251.0
965.0,417.0,0.0,417.0,940.0,0.0,257.0
966.0,423.0,0.0,423.0,940.0,0.0,263.0
967.0,429.0,0.0,429.0,940.0,0.0,269.0
968.0,435.0,0.0,435.0,940.0,0.0,275.0
969.0,441.0,0.0,441.0,940.0,0.0,281.0
970.0,447.0,0.0,447.0,940.0,0.0,287.0
971.0,453.0,0.0,453.0,940.0,0.0,293.0
972.0,459.0,0.0,459.0,940.0,0.0,299.0
973.0,465.0,0.0,465.0,940.0,0.0,305.0
974.0,471.0,0.0,471.0,940.0,0.0,311.0
975.0,477.0,0.0,477.0,940.0,0.0,317.0
976.0,483.0,0.0,483.0,940.0,0.0,323.0
977.0,489.0,0.0,489.0,940.0,0.0,329.0
978.0,495.0,0.0,495.0,940.0,0.0,335.0
979.0,501.0,0.0,501.0,940.0,0.0,341.0
980.0,507.0,0.0,507.0,940.0,0.0,347.0
981.0,513.0,0.0,513.0,940.0,0.0,353.0
982.0,519.0,0.0,519.0,940.0,0.0,359.0
983.0,525.0,0.0,525.0,940.0,0.0,365.0
984.0,531.0,0.0,531.0,940.0,0.0,371.0
985.0,537.0,0.0,537.0,940.0,0.0,377.0
986.0,543.0,0.0,543.0,940.0,0.0,383.0
987.0,549.0,0.0,549.0,940.0,0.0,389.0
988.0,555.0,0.0,555.0,940.0,0.0,395.0
989.0,561.0,0.0,561.0,940.0,0.0,401.0
990.0,567.0,0.0,567.0,940.0,0.0,407.0
991.0,573.0,0.0,573.0,942.0,0.0,413.0
992.0,579.0,0.0,579.0,943.0,0.0,419.0
993.0,585.0,0.0,585.0,944.0,0.0,425.0
994.0,591.0,0.0,591.0,944.0,0.0,431.0
995.0,597.0,0.0,597.0,945.0,0.0,437.0
996.0,603.0,0.0,603.0,946.0,0.0,443.0
997.0,609.0,0.0,609.0,946.0,0.0,449.0
998.0,615.0,0.0,615.0,946.0,0.0,455.0
999.0,621.0,0.0,621.0,947.0,0.0,461.0
1000.0,627.0,0.0,627.0,947.0,0.0,467.0
1001.0,633.0,0.0,633.0,949.0,0.0,473.0
1002.0,639.0,0.0,639.0,948.0,0.0,479.0
1003.0,645.0,0.0,645.0,948.0,0.0,485.0
1004.0,651.0,0.0,651.0,947.0,0.0,491.0
1005.0,657.0,0.0,657.0,947.0,0.0,497.0
1006.0,663.0,0.0,663.0,946.0,0.0,503.0
1007.0,669.0,0.0,669.0,946.0,0.0,509.0
1008.0,675.0,0.0,675.0,946.0,0.0,515.0
1009.0,681.0,0.0,681.0,945.0,0.0,521.0
1010.0,687.0,0.0,687.0,944.0,0.0,527.0
1011.0,693.0,0.0,693.0,944.0,0.0,533.0
1012.0,699.0,0.0,699.0,943.0,0.0,539.0
1013.0,705.0,0.0,705.0,942.0,0.0,545.0
1014.0,711.0,0.0,711.0,940.0,0.0,551.0
1015.0,717.0,0.0,717.0,940.0,0.0,557.0
1016.0,723.0,0.0,723.0,940.0,0.0,563.0
1017.0,729.0,0.0,729.0,940.0,0.0,569.0
1018.0,735.0,0.0,735.0,940.0,0.0,575.0
1019.0,741.0,0.0,741.0,940.0,0.0,581.0
1020.0,747.0,0.0,747.0,940.0,0.0,587.0
1021.0,753.0,0.0,753.0,940.0,0.0,593.0
1022.0,759.0,0.0,759.0,940.0,0.0,599.0
1023.0,765.0,0.0,765.0,940.0,0.0,599.0
1024.0,765.0,0.0,765.0,933.0,0.0,599.0
1025.0,765.0,0.0,765.0,926.0,0.0,599.0
1026.0,765.0,0.0,765.0,920.0,0.0,599.0
1027.0,765.0,0.0,765.0,913.0,0.0,599.0
1028.0,765.0,0.0,765.0,907.0,0.0,599.0
1029.0,765.0,0.0,765.0,901.0,0.0,599.0
1030.0,765.0,0.0,765.0,896.0,0.0,599.0
1031.0,765.0,0.0,765.0,890.0,0.0,599.0
1032.0,765.0,0.0,765.0,885.0,0.0,599.0
1033.0,765.0,0.0,765.0,880.0,0.0,599.0
1034.0,765.0,0.0,765.0,875.0,0.0,599.0
1035.0,765.0,0.0,765.0,871.0,0.0,599.0
1036.0,765.0,0.0,765.0,866.0,0.0,599.0
1037.0,765.0,0.0,765.0,862.0,0.0,599.0
1038.0,765.0,0.0,765.0,858.0,0.0,599.0
1039.0,765.0,0.0,765.0,854.0,0.0,599.0
1040.0,765.0,0.0,765.0,851.0,0.0,599.0
1041.0,765.0,0.0,765.0,848.0,0.0,599.0
1042.0,765.0,0.0,765.0,845.0,0.0,599.0
1043.0,765.0,0.0,765.0,842.0,0.0,599.0
1044.0,765.0,0.0,765.0,839.0,0.0,599.0
1045.0,765.0,0.0,765.0,837.0,0.0,599.0
1046.0,765.0,0.0,765.0,835.0,0.0,599.0
1047.0,765.0,0.0,765.0,833.0,0.0,599.0
1048.0,765.0,0.0,765.0,831.0,0.0,599.0
1049.0,765.0,0.0,765.0,829.0,0.0,599.0
1050.0,765.0,0.0,765.0,828.0,0.0,599.0
1051.0,765.0,0.0,765.0,827.0,0.0,599.0
1052.0,765.0,0.0,765.0,826.0,0.0,599.0
1053.0,765.0,0.0,765.0,825.0,0.0,599.0
1054.0,765.0,0.0,765.0,825.0,0.0,599.0
1055.0,765.0,0.0,765.0,825.0,0.0,599.0
1056.0,765.0,0.0,765.0,825.0,0.0,599.0
1057.0,765.0,0.0,765.0,825.0,0.0,599.0
1058.0,765.0,0.0,765.0,825.0,0.0,599.0
1059.0,765.0,0.0,765.0,826.0,0.0,599.0
1060.0,765.0,0.0,765.0,827.0,0.0,599.0
1061.0,765.0,0.0,765.0,828.0,0.0,599.0
1062.0,765.0,0.0,765.0,829.0,0.0,599.0
1063.0,765.0,0.0,765.0,831.0,0.0,599.0
1064.0,765.0,0.0,765.0,833.0,0.0,599.0
1065.0,765.0,0.0,765.0,835.0,0.0,599.0
1066.0,765.0,0.0,765.0,837.0,0.0,599.0
1067.0,765.0,0.0,765.0,839.0,0.0,599.0
1068.0,765.0,0.0,765.0,842.0,0.0,599.0
1069.0,765.0,0.0,765.0,845.0,0.0,599.0
1070.0,765.0,0.0,765.0,848.0,0.0,599.0
1071.0,765.0,0.0,765.0,851.0,0.0,599.0
1072.0,765.0,0.0,765.0,854.0,0.0,599.0
1073.0,765.0,0.0,765.0,858.0,0.0,599.0
1074.0,765.0,0.0,765.0,862.0,0.0,599.0
1075.0,765.0,0.0,765.0,866.0,0.0,599.0
1076.0,765.0,0.0,765.0,871.0,0.0,599.0
1077.0,765.0,0.0,765.0,875.0,0.0,599.0
1078.0,765.0,0.0,765.0,880.0,0.0,599.0
1079.0,765.0,0.0,765.0,885.0,0.0,599.0
1080.0,765.0,0.0,765.0,890.0,0.0,599.0
1081.0,765.0,0.0,765.0,896.0,0.0,599.0
1082.0,765.0,0.0,765.0,901.0,0.0,599.0
1083.0,765.0,0.0,765.0,907.0,0.0,599.0
1084.0,765.0,0.0,765.0,913.0,0.0,599.0
1085.0,765.0,0.0,765.0,920.0,0.0,599.0
1086.0,765.0,0.0,765.0,926.0,0.0,599.0
1087.0,765.0,0.0,765.0,933.0,0.0,599.0
1088.0,765.0,0.0,765.0,940.0,0.0,599.0
1089.0,765.0,0.0,765.0,947.0,0.0,599.0
1090.0,765.0,0.0,765.0,955.0,0.0,599.0
1091.0,765.0,0.0,765.0,962.0,0.0,599.0
1092.0,765.0,0.0,765.0,970.0,0.0,599.0
1093.0,765.0,0.0,765.0,978.0,0.0,599.0
1094.0,765.0,0.0,765.0,987.0,0.0,599.0
1095.0,765.0,0.0,765.0,995.0,0.0,599.0
1096.0,765.0,0.0,765.0,1004.0,0.0,599.0
1097.0,765.0,0.0,765.0,1013.0,0.0,599.0
1098.0,765.0,0.0,765.0,1022.0,0.0,599.0
1099.0,765.0,0.0,765.0,1032.0,0.0,599.0
1100.0,765.0,0.0,765.0,1031.0,0.0,599.0
1101.0,80.0,0.0,80.0,944.0,0.0,0.0
1102.0,80.0,0.0,80.0,944.0,0.0,0.0
1103.0,80.0,0.0,80.0,944.0,0.0,0.0
1104.0,80.0,0.0,80.0,944.0,0.0,0.0
1105.0,80.0,0.0,80.0,944.0,0.0,0.0
1106.0,80.0,0.0,80.0,944.0,0.0,0.0
1107.0,80.0,0.0,80.0,944.0,0.0,0.0
1108.0,80.0,0.0,80.0,944.0,0.0,0.0
1109.0,80.0,0.0,80.0,944.0,0.0,0.0
1110.0,80.0,0.0,80.0,944.0,0.0,0.0
1111.0,80.0,0.0,80.0,944.0,0.0,0.0
1112.0,80.0,0.0,80.0,944.0,0.0,0.0
1113.0,80.0,0.0,80.0,944.0,0.0,0.0
1114.0,80.0,0.0,80.0,944.0,0.0,0.0
1115.0,80.0,0.0,80.0,944.0,0.0,0.0
1116.0,80.0,0.0,80.0,944.0,0.0,0.0
1117.0,80.0,0.0,80.0,944.0,0.0,0.0
1118.0,80.0,0.0,80.0,944.0,0.0,0.0
1119.0,80.0,0.0,80.0,944.0,0.0,0.0
1120.0,80.0,0.0,80.0,944.0,0.0,0.0
1121.0,80.0,0.0,80.0,944.0,0.0,0.0
1122.0,80.0,0.0,80.0,944.0,0.0,0.0
1123.0,80.0,0.0,80.0,944.0,0.0,0.0
1124.0,80.0,0.0,80.0,944.0,0.0,0.0
1125.0,80.0,0.0,80.0,944.0,0.0,0.0
1126.0,80.0,0.0,80.0,944.0,0.0,0.0
1127.0,80.0,0.0,80.0,944.0,0.0,0.0
1128.0,80.0,0.0,80.0,944.0,0.0,0.0
1129.0,80.0,0.0,80.0,944.0,0.0,0.0
1130.0,81.0,0.0,81.0,944.0,0.0,0.0
1131.0,81.0,0.0,81.0,944.0,0.0,0.0
1132.0,81.0,0.0,81.0,944.0,0.0,0.0
1133.0,82.0,0.0,82.0,944.0,0.0,0.0
1134.0,82.0,0.0,82.0,944.0,0.0,0.0
1135.0,82.0,0.0,82.0,944.0,0.0,0.0
1136.0,83.0,0.0,83.0,944.0,0.0,0.0
1137.0,83.0,0.0,83.0,944.0,0.0,0.0
1138.0,84.0,0.0,84.0,944.0,0.0,0.0
1139.0,84.0,0.0,84.0,944.0,0.0,0.0
1140.0,85.0,0.0,85.0,944.0,0.0,0.0
1141.0,86.0,0.0,86.0,944.0,0.0,0.0
1142.0,86.0,0.0,86.0,944.0,0.0,0.0
1143.0,87.0,0.0,87.0,943.0,0.0,0.0
1144.0,88.0,0.0,88.0,943.0,0.0,0.0
1145.0,88.0,0.0,88.0,943.0,0.0,0.0
1146.0,89.0,0.0,89.0,943.0,0.0,0.0
1147.0,90.0,0.0,90.0,943.0,0.0,0.0
1148.0,90.0,0.0,90.0,948.0,0.0,0.0
1149.0,90.0,0.0,90.0,942.0,0.0,0.0
1150.0,90.0,0.0,90.0,936.0,0.0,0.0
1151.0,91.0,0.0,91.0,929.0,0.0,0.0
1152.0,91.0,0.0,91.0,925.0,0.0,0.0
1153.0,92.0,0.0,92.0,922.0,0.0,0.0
1154.0,93.0,0.0,93.0,918.0,0.0,0.0
1155.0,93.0,0.0,93.0,915.0,0.0,0.0
1156.0,94.0,0.0,94.0,912.0,0.0,0.0
1157.0,95.0,0.0,95.0,909.0,0.0,0.0
1158.0,96.0,0.0,96.0,906.0,0.0,0.0
1159.0,97.0,0.0,97.0,904.0,0.0,0.0
1160.0,98.0,0.0,98.0,901.0,0.0,0.0
1161.0,99.0,0.0,99.0,899.0,0.0,0.0
1162.0,100.0,0.0,100.0,898.0,0.0,0.0
1163.0,102.0,0.0,102.0,896.0,0.0,0.0
1164.0,103.0,0.0,103.0,895.0,0.0,0.0
1165.0,104.0,0.0,104.0,893.0,0.0,0.0
1166.0,106.0,0.0,106.0,892.0,0.0,0.0
1167.0,107.0,0.0,107.0,892.0,0.0,0.0
1168.0,109.0,0.0,109.0,891.0,0.0,0.0
1169.0,110.0,0.0,110.0,891.0,0.0,0.0
1170.0,112.0,0.0,112.0,891.0,0.0,0.0
1171.0,113.0,0.0,113.0,891.0,0.0,0.0
1172.0,115.0,0.0,115.0,891.0,0.0,0.0
1173.0,117.0,0.0,117.0,892.0,0.0,0.0
1174.0,119.0,0.0,119.0,893.0,0.0,0.0
1175.0,121.0,0.0,121.0,894.0,0.0,0.0
1176.0,123.0,0.0,123.0,895.0,0.0,0.0
1177.0,125.0,0.0,125.0,897.0,0.0,0.0
1178.0,128.0,0.0,128.0,898.0,0.0,0.0
1179.0,130.0,0.0,130.0,900.0,0.0,0.0
1180.0,133.0,0.0,133.0,902.0,0.0,0.0
1181.0,135.0,0.0,135.0,905.0,0.0,0.0
1182.0,138.0,0.0,138.0,907.0,0.0,0.0
1183.0,141.0,0.0,141.0,910.0,0.0,0.0
1184.0,144.0,0.0,144.0,913.0,0.0,0.0
1185.0,147.0,0.0,147.0,916.0,0.0,0.0
1186.0,150.0,0.0,150.0,920.0,0.0,0.0
1187.0,153.0,0.0,153.0,923.0,0.0,0.0
1188.0,156.0,0.0,156.0,927.0,0.0,0.0
1189.0,160.0,0.0,160.0,931.0,0.0,0.0
1190.0,163.0,0.0,163.0,936.0,0.0,3.0
1191.0,167.0,0.0,167.0,940.0,0.0,7.0
1192.0,170.0,0.0,170.0,945.0,0.0,10.0
1193.0,174.0,0.0,174.0,940.0,0.0,14.0
1194.0,178.0,0.0,178.0,940.0,0.0,18.0
1195.0,181.0,0.0,181.0,940.0,0.0,21.0
1196.0,185.0,0.0,185.0,940.0,0.0,25.0
1197.0,189.0,0.0,189.0,940.0,0.0,29.0
1198.0,193.0,0.0,193.0,940.0,0.0,33.0
1199.0,197.0,0.0,197.0,940.0,0.0,37.0
1200.0,201.0,0.0,201.0,940.0,0.0,41.0
1201.0,205.0,0.0,205.0,940.0,0.0,45.0
1202.0,210.0,0.0,210.0,940.0,0.0,50.0
1203.0,214.0,0.0,214.0,940.0,0.0,54.0
1204.0,218.0,0.0,218.0,940.0,0.0,58.0
1205.0,222.0,0.0,222.0,940.0,0.0,62.0
1206.0,227.0,0.0,227.0,940.0,0.0,67.0
1207.0,231.0,0.0,231.0,940.0,0.0,71.0
1208.0,236.0,0.0,236.0,940.0,0.0,76.0
1209.0,240.0,0.0,240.0,940.0,0.0,80.0
1210.0,245.0,0.0,245.0,940.0,0.0,85.0
1211.0,249.0,0.0,249.0,940.0,0.0,89.0
1212.0,254.0,0.0,254.0,940.0,0.0,94.0
1213.0,258.0,0.0,258.0,940.0,0.0,98.0
1214.0,263.0,0.0,263.0,940.0,0.0,103.0
1215.0,268.0,0.0,268.0,940.0,0.0,108.0
1216.0,273.0,0.0,273.0,940.0,0.0,113.0
1217.0,278.0,0.0,278.0,940.0,0.0,118.0
1218.0,282.0,0.0,282.0,942.0,0.0,122.0
1219.0,287.0,0.0,287.0,942.0,0.0,127.0
1220.0,292.0,0.0,292.0,943.0,0.0,132.0
1221.0,297.0,0.0,297.0,944.0,0.0,137.0
1222.0,303.0,0.0,303.0,944.0,0.0,143.0
1223.0,308.0,0.0,308.0,945.0,0.0,148.0
1224.0,308.0,0.0,308.0,950.0,0.0,148.0
1225.0,314.0,0.0,314.0,944.0,0.0,154.0
1226.0,320.0,0.0,320.0,939.0,0.0,160.0
1227.0,326.0,0.0,326.0,933.0,0.0,166.0
1228.0,331.0,0.0,331.0,929.0,0.0,171.0
1229.0,337.0,0.0,337.0,925.0,0.0,177.0
1230.0,343.0,0.0,343.0,922.0,0.0,183.0
1231.0,348.0,0.0,348.0,918.0,0.0,188.0
1232.0,354.0,0.0,354.0,915.0,0.0,194.0
1233.0,359.0,0.0,359.0,912.0,0.0,199.0
1234.0,364.0,0.0,364.0,910.0,0.0,204.0
1235.0,370.0,0.0,370.0,907.0,0.0,210.0
1236.0,375.0,0.0,375.0,905.0,0.0,215.0
1237.0,380.0,0.0,380.0,903.0,0.0,220.0
1238.0,385.0,0.0,385.0,901.0,0.0,225.0
1239.0,390.0,0.0,390.0,900.0,0.0,230.0
1240.0,395.0,0.0,395.0,898.0,0.0,235.0
1241.0,400.0,0.0,400.0,897.0,0.0,240.0
1242.0,405.0,0.0,405.0,896.0,0.0,245.0
1243.0,409.0,0.0,409.0,895.0,0.0,249.0
1244.0,414.0,0.0,414.0,895.0,0.0,254.0
1245.0,419.0,0.0,419.0,895.0,0.0,259.0
1246.0,423.0,0.0,423.0,895.0,0.0,263.0
1247.0,428.0,0.0,428.0,895.0,0.0,268.0
1248.0,433.0,0.0,433.0,895.0,0.0,273.0
1249.0,437.0,0.0,437.0,896.0,0.0,277.0
1250.0,442.0,0.0,442.0,896.0,0.0,282.0
1251.0,447.0,0.0,447.0,898.0,0.0,287.0
1252.0,453.0,0.0,453.0,899.0,0.0,293.0
1253.0,458.0,0.0,458.0,900.0,0.0,298.0
1254.0,463.0,0.0,463.0,902.0,0.0,303.0
1255.0,468.0,0.0,468.0,904.0,0.0,308.0
1256.0,474.0,0.0,474.0,906.0,0.0,314.0
1257.0,480.0,0.0,480.0,908.0,0.0,320.0
1258.0,485.0,0.0,485.0,911.0,0.0,325.0
1259.0,491.0,0.0,491.0,914.0,0.0,331.0
1260.0,497.0,0.0,497.0,917.0,0.0,337.0
1261.0,503.0,0.0,503.0,920.0,0.0,343.0
1262.0,509.0,0.0,509.0,923.0,0.0,349.0
1263.0,515.0,0.0,515.0,927.0,0.0,355.0
1264.0,521.0,0.0,521.0,931.0,0.0,361.0
1265.0,527.0,0.0,527.0,935.0,0.0,367.0
1266.0,533.0,0.0,533.0,939.0,0.0,373.0
1267.0,539.0,0.0,539.0,944.0,0.0,379.0
1268.0,545.0,0.0,545.0,940.0,0.0,385.0
1269.0,551.0,0.0,551.0,940.0,0.0,391.0
1270.0,557.0,0.0,557.0,940.0,0.0,397.0
1271.0,563.0,0.0,563.0,940.0,0.0,403.0
1272.0,569.0,0.0,569.0,942.0,0.0,409.0
1273.0,575.0,0.0,575.0,942.0,0.0,415.0
1274.0,575.0,0.0,575.0,947.0,0.0,415.0
1275.0,581.0,0.0,581.0,941.0,0.0,421.0
1276.0,587.0,0.0,587.0,936.0,0.0,427.0
1277.0,593.0,0.0,593.0,930.0,0.0,433.0
1278.0,599.0,0.0,599.0,926.0,0.0,439.0
1279.0,604.0,0.0,604.0,922.0,0.0,444.0
1280.0,610.0,0.0,610.0,919.0,0.0,450.0
1281.0,616.0,0.0,616.0,915.0,0.0,456.0
1282.0,621.0,0.0,621.0,912.0,0.0,461.0
1283.0,626.0,0.0,626.0,909.0,0.0,466.0
1284.0,632.0,0.0,632.0,907.0,0.0,472.0
1285.0,637.0,0.0,637.0,904.0,0.0,477.0
1286.0,642.0,0.0,642.0,902.0,0.0,482.0
1287.0,647.0,0.0,647.0,900.0,0.0,487.0
1288.0,652.0,0.0,652.0,898.0,0.0,492.0
1289.0,657.0,0.0,657.0,897.0,0.0,497.0
1290.0,662.0,0.0,662.0,895.0,0.0,502.0
1291.0,667.0,0.0,667.0,894.0,0.0,507.0
1292.0,672.0,0.0,672.0,893.0,0.0,512.0
1293.0,677.0,0.0,677.0,892.0,0.0,517.0
1294.0,681.0,0.0,681.0,892.0,0.0,521.0
1295.0,686.0,0.0,686.0,892.0,0.0,526.0
1296.0,690.0,0.0,690.0,892.0,0.0,530.0
1297.0,695.0,0.0,695.0,892.0,0.0,535.0
1298.0,700.0,0.0,700.0,892.0,0.0,540.0
1299.0,705.0,0.0,705.0,893.0,0.0,545.0
1300.0,710.0,0.0,710.0,894.0,0.0,550.0
1301.0,715.0,0.0,715.0,895.0,0.0,555.0
1302.0,720.0,0.0,720.0,896.0,0.0,560.0
1303.0,725.0,0.0,725.0,897.0,0.0,565.0
1304.0,730.0,0.0,730.0,899.0,0.0,570.0
1305.0,736.0,0.0,736.0,901.0,0.0,576.0
1306.0,741.0,0.0,741.0,903.0,0.0,581.0
1307.0,747.0,0.0,747.0,905.0,0.0,587.0
1308.0,753.0,0.0,753.0,908.0,0.0,593.0
1309.0,758.0,0.0,758.0,911.0,0.0,598.0
1310.0,764.0,0.0,764.0,914.0,0.0,604.0
1311.0,770.0,0.0,770.0,917.0,0.0,610.0
1312.0,2776.0,10.0,776.0,920.0,0.0,616.0
1313.0,2782.0,10.0,782.0,917.0,0.0,622.0
1314.0,2788.0,10.0,788.0,913.0,0.0,628.0
1315.0,2793.0,10.0,793.0,910.0,0.0,633.0
1316.0,2799.0,10.0,799.0,907.0,0.0,639.0
1317.0,2804.0,10.0,804.0,904.0,0.0,644.0
1318.0,2810.0,10.0,810.0,902.0,0.0,650.0
1319.0,2815.0,10.0,815.0,899.0,0.0,655.0
1320.0,2820.0,10.0,820.0,897.0,0.0,660.0
1321.0,2826.0,10.0,826.0,895.0,0.0,666.0
1322.0,2831.0,10.0,831.0,894.0,0.0,671.0
1323.0,2836.0,10.0,836.0,892.0,0.0,676.0
1324.0,2841.0,10.0,841.0,891.0,0.0,681.0
1325.0,2846.0,10.0,846.0,890.0,0.0,686.0
1326.0,2850.0,10.0,850.0,889.0,0.0,690.0
1327.0,2855.0,10.0,855.0,888.0,0.0,695.0
1328.0,2860.0,10.0,860.0,888.0,0.0,700.0
1329.0,2865.0,10.0,865.0,888.0,0.0,705.0
1330.0,2869.0,10.0,869.0,888.0,0.0,709.0
1331.0,2874.0,10.0,874.0,888.0,0.0,714.0
1332.0,2879.0,10.0,879.0,889.0,0.0,719.0
1333.0,2884.0,10.0,884.0,889.0,0.0,724.0
1334.0,2889.0,10.0,889.0,890.0,0.0,729.0
1335.0,2895.0,10.0,895.0,892.0,0.0,735.0
1336.0,2900.0,10.0,900.0,893.0,0.0,740.0
1337.0,2905.0,10.0,905.0,895.0,0.0,745.0
1338.0,2911.0,10.0,911.0,896.0,0.0,751.0
1339.0,2917.0,10.0,917.0,898.0,0.0,757.0
1340.0,2922.0,10.0,922.0,901.0,0.0,762.0
1341.0,2928.0,10.0,928.0,903.0,0.0,768.0
1342.0,2934.0,10.0,934.0,906.0,0.0,774.0
1343.0,2940.0,10.0,940.0,898.0,0.0,780.0
1344.0,2946.0,10.0,946.0,894.0,0.0,786.0
1345.0,2951.0,10.0,951.0,891.0,0.0,791.0
1346.0,2957.0,10.0,957.0,888.0,0.0,797.0
1347.0,2962.0,10.0,962.0,886.0,0.0,802.0
1348.0,2968.0,10.0,968.0,883.0,0.0,808.0
1349.0,2973.0,10.0,973.0,883.0,0.0,813.0
1350.0,2979.0,10.0,979.0,882.0,0.0,819.0
1351.0,2985.0,10.0,985.0,879.0,0.0,825.0
1352.0,2991.0,10.0,991.0,878.0,0.0,831.0
1353.0,2997.0,10.0,997.0,878.0,0.0,837.0
1354.0,3003.0,10.0,1003.0,876.0,0.0,843.0
1355.0,3009.0,10.0,1009.0,876.0,0.0,849.0
1356.0,3015.0,10.0,1015.0,876.0,0.0,855.0
1357.0,3021.0,10.0,1021.0,876.0,0.0,861.0
1358.0,3027.0,10.0,1027.0,876.0,0.0,867.0
1359.0,3033.0,10.0,1033.0,876.0,0.0,873.0
1360.0,3039.0,10.0,1039.0,876.0,0.0,879.0
1361.0,3045.0,10.0,1045.0,876.0,0.0,885.0
1362.0,3051.0,10.0,1051.0,876.0,0.0,891.0
1363.0,3057.0,10.0,1057.0,876.0,0.0,897.0
1364.0,3063.0,10.0,1063.0,876.0,0.0,903.0
1365.0,3069.0,10.0,1069.0,876.0,0.0,909.0
1366.0,3075.0,10.0,1075.0,876.0,0.0,915.0
1367.0,3081.0,10.0,1081.0,876.0,0.0,921.0
1368.0,3087.0,10.0,1087.0,876.0,0.0,927.0
1369.0,3093.0,10.0,1093.0,876.0,0.0,933.0
1370.0,3099.0,10.0,1099.0,877.0,0.0,939.0
1371.0,3105.0,10.0,1105.0,877.0,0.0,945.0
1372.0,3111.0,10.0,1111.0,878.0,0.0,951.0
1373.0,3117.0,10.0,1117.0,878.0,0.0,957.0
1374.0,3123.0,10.0,1123.0,879.0,0.0,963.0
1375.0,3129.0,10.0,1129.0,880.0,0.0,969.0
1376.0,3135.0,10.0,1135.0,880.0,0.0,975.0
1377.0,3141.0,10.0,1141.0,882.0,0.0,981.0
1378.0,3147.0,10.0,1147.0,883.0,0.0,987.0
1379.0,3153.0,10.0,1153.0,885.0,0.0,993.0
1380.0,3159.0,10.0,1159.0,885.0,0.0,999.0
1381.0,3165.0,10.0,1165.0,885.0,0.0,999.0
1382.0,3165.0,10.0,1165.0,878.0,0.0,999.0
1383.0,3165.0,10.0,1165.0,871.0,0.0,999.0
1384.0,3165.0,10.0,1165.0,865.0,0.0,999.0
1385.0,3165.0,10.0,1165.0,858.0,0.0,999.0
1386.0,3165.0,10.0,1165.0,852.0,0.0,999.0
1387.0,3165.0,10.0,1165.0,846.0,0.0,999.0
1388.0,3165.0,10.0,1165.0,840.0,0.0,999.0
1389.0,3165.0,10.0,1165.0,835.0,0.0,999.0
1390.0,3165.0,10.0,1165.0,830.0,0.0,999.0
1391.0,3165.0,10.0,1165.0,825.0,0.0,999.0
1392.0,3165.0,10.0,1165.0,820.0,0.0,999.0
1393.0,3165.0,10.0,1165.0,815.0,0.0,999.0
1394.0,3165.0,10.0,1165.0,811.0,0.0,999.0
1395.0,3165.0,10.0,1165.0,807.0,0.0,999.0
1396.0,3165.0,10.0,1165.0,803.0,0.0,999.0
1397.0,3165.0,10.0,1165.0,799.0,0.0,999.0
1398.0,3165.0,10.0,1165.0,796.0,0.0,999.0
1399.0,3165.0,10.0,1165.0,792.0,0.0,999.0
1400.0,3165.0,10.0,1165.0,789.0,0.0,999.0
1401.0,3165.0,10.0,1165.0,786.0,0.0,999.0
1402.0,3165.0,10.0,1165.0,784.0,0.0,999.0
1403.0,3165.0,10.0,1165.0,781.0,0.0,999.0
1404.0,3165.0,10.0,1165.0,779.0,0.0,999.0
1405.0,3165.0,10.0,1165.0,777.0,0.0,999.0
1406.0,3165.0,10.0,1165.0,775.0,0.0,999.0
1407.0,3165.0,10.0,1165.0,774.0,0.0,999.0
1408.0,3165.0,10.0,1165.0,773.0,0.0,999.0
1409.0,3165.0,10.0,1165.0,772.0,0.0,999.0
1410.0,3165.0,10.0,1165.0,771.0,0.0,999.0
1411.0,3165.0,10.0,1165.0,770.0,0.0,999.0
1412.0,3165.0,10.0,1165.0,770.0,0.0,999.0
1413.0,3165.0,10.0,1165.0,769.0,0.0,999.0
1414.0,3165.0,10.0,1165.0,769.0,0.0,999.0
1415.0,3165.0,10.0,1165.0,770.0,0.0,999.0
1416.0,3165.0,10.0,1165.0,770.0,0.0,999.0
1417.0,3165.0,10.0,1165.0,771.0,0.0,999.0
1418.0,3165.0,10.0,1165.0,772.0,0.0,999.0
1419.0,3165.0,10.0,1165.0,773.0,0.0,999.0
1420.0,3165.0,10.0,1165.0,774.0,0.0,999.0
1421.0,3165.0,10.0,1165.0,775.0,0.0,999.0
1422.0,3165.0,10.0,1165.0,777.0,0.0,999.0
1423.0,3165.0,10.0,1165.0,779.0,0.0,999.0
1424.0,3165.0,10.0,1165.0,781.0,0.0,999.0
1425.0,3165.0,10.0,1165.0,784.0,0.0,999.0
1426.0,3165.0,10.0,1165.0,786.0,0.0,999.0
1427.0,3165.0,10.0,1165.0,789.0,0.0,999.0
1428.0,3165.0,10.0,1165.0,792.0,0.0,999.0
1429.0,3165.0,10.0,1165.0,796.0,0.0,999.0
1430.0,3165.0,10.0,1165.0,799.0,0.0,999.0
1431.0,3165.0,10.0,1165.0,803.0,0.0,999.0
1432.0,3165.0,10.0,1165.0,807.0,0.0,999.0
1433.0,3165.0,10.0,1165.0,811.0,0.0,999.0
1434.0,3165.0,10.0,1165.0,815.0,0.0,999.0
1435.0,3165.0,10.0,1165.0,820.0,0.0,999.0
1436.0,3165.0,10.0,1165.0,825.0,0.0,999.0
1437.0,3165.0,10.0,1165.0,830.0,0.0,999.0
1438.0,3165.0,10.0,1165.0,835.0,0.0,999.0
1439.0,3165.0,10.0,1165.0,840.0,0.0,999.0
1440.0,3165.0,10.0,1165.0,846.0,0.0,999.0
1441.0,3165.0,10.0,1165.0,852.0,0.0,999.0
1442.0,3165.0,10.0,1165.0,858.0,0.0,999.0
1443.0,3165.0,10.0,1165.0,865.0,0.0,999.0
1444.0,3165.0,10.0,1165.0,871.0,0.0,999.0
1445.0,3165.0,10.0,1165.0,878.0,0.0,999.0
1446.0,3165.0,10.0,1165.0,885.0,0.0,999.0
1447.0,3165.0,10.0,1165.0,892.0,0.0,999.0
1448.0,3165.0,10.0,1165.0,900.0,0.0,999.0
1449.0,3165.0,10.0,1165.0,907.0,0.0,999.0
1450.0,3165.0,10.0,1165.0,915.0,0.0,999.0
1451.0,3165.0,10.0,1165.0,923.0,0.0,999.0
1452.0,3165.0,10.0,1165.0,931.0,0.0,999.0
1453.0,3165.0,10.0,1165.0,940.0,0.0,999.0
1454.0,3165.0,10.0,1165.0,949.0,0.0,999.0
1455.0,3165.0,10.0,1165.0,958.0,0.0,999.0
1456.0,3165.0,10.0,1165.0,967.0,0.0,999.0
1457.0,3165.0,10.0,1165.0,976.0,0.0,999.0
1458.0,3165.0,10.0,1165.0,986.0,0.0,999.0
1459.0,3165.0,10.0,1165.0,996.0,0.0,999.0
1460.0,3165.0,10.0,1165.0,1006.0,0.0,999.0
1461.0,3165.0,10.0,1165.0,1016.0,0.0,999.0
1462.0,3165.0,10.0,1165.0,1027.0,0.0,999.0
1463.0,3165.0,10.0,1165.0,1026.0,0.0,999.0
1464.0,80.0,0.0,80.0,944.0,0.0,0.0
1465.0,80.0,0.0,80.0,944.0,0.0,0.0
1466.0,80.0,0.0,80.0,944.0,0.0,0.0
1467.0,80.0,0.0,80.0,944.0,0.0,0.0
1468.0,80.0,0.0,80.0,944.0,0.0,0.0
1469.0,80.0,0.0,80.0,944.0,0.0,0.0
1470.0,80.0,0.0,80.0,944.0,0.0,0.0
1471.0,80.0,0.0,80.0,944.0,0.0,0.0
1472.0,80.0,0.0,80.0,944.0,0.0,0.0
1473.0,80.0,0.0,80.0,944.0,0.0,0.0
1474.0,80.0,0.0,80.0,944.0,0.0,0.0
1475.0,80.0,0.0,80.0,944.0,0.0,0.0
1476.0,80.0,0.0,80.0,944.0,0.0,0.0
1477.0,80.0,0.0,80.0,944.0,0.0,0.0
1478.0,80.0,0.0,80.0,944.0,0.0,0.0
1479.0,80.0,0.0,80.0,944.0,0.0,0.0
1480.0,80.0,0.0,80.0,944.0,0.0,0.0
1481.0,80.0,0.0,80.0,944.0,0.0,0.0
1482.0,80.0,0.0,80.0,944.0,0.0,0.0
1483.0,80.0,0.0,80.0,944.0,0.0,0.0
1484.0,80.0,0.0,80.0,944.0,0.0,0.0
1485.0,80.0,0.0,80.0,944.0,0.0,0.0
1486.0,80.0,0.0,80.0,944.0,0.0,0.0
1487.0,80.0,0.0,80.0,944.0,0.0,0.0
1488.0,80.0,0.0,80.0,944.0,0.0,0.0
1489.0,80.0,0.0,80.0,944.0,0.0,0.0
1490.0,80.0,0.0,80.0,944.0,0.0,0.0
1491.0,80.0,0.0,80.0,944.0,0.0,0.0
1492.0,80.0,0.0,80.0,949.0,0.0,0.0
1493.0,80.0,0.0,80.0,943.0,0.0,0.0
1494.0,80.0,0.0,80.0,937.0,0.0,0.0
1495.0,79.0,0.0,79.0,931.0,0.0,0.0
1496.0,79.0,0.0,79.0,927.0,0.0,0.0
1497.0,79.0,0.0,79.0,923.0,0.0,0.0
1498.0,80.0,0.0,80.0,919.0,0.0,0.0
1499.0,80.0,0.0,80.0,916.0,0.0,0.0
1500.0,80.0,0.0,80.0,913.0,0.0,0.0
1501.0,80.0,0.0,80.0,910.0,0.0,0.0
1502.0,81.0,0.0,81.0,907.0,0.0,0.0
1503.0,81.0,0.0,81.0,905.0,0.0,0.0
1504.0,82.0,0.0,82.0,903.0,0.0,0.0
1505.0,83.0,0.0,83.0,900.0,0.0,0.0
1506.0,84.0,0.0,84.0,899.0,0.0,0.0
1507.0,84.0,0.0,84.0,897.0,0.0,0.0
1508.0,85.0,0.0,85.0,896.0,0.0,0.0
1509.0,86.0,0.0,86.0,895.0,0.0,0.0
1510.0,87.0,0.0,87.0,894.0,0.0,0.0
1511.0,88.0,0.0,88.0,893.0,0.0,0.0
1512.0,90.0,0.0,90.0,892.0,0.0,0.0
1513.0,91.0,0.0,91.0,892.0,0.0,0.0
1514.0,92.0,0.0,92.0,892.0,0.0,0.0
1515.0,93.0,0.0,93.0,892.0,0.0,0.0
1516.0,95.0,0.0,95.0,893.0,0.0,0.0
1517.0,96.0,0.0,96.0,893.0,0.0,0.0
1518.0,98.0,0.0,98.0,894.0,0.0,0.0
1519.0,100.0,0.0,100.0,895.0,0.0,0.0
1520.0,102.0,0.0,102.0,896.0,0.0,0.0
1521.0,103.0,0.0,103.0,898.0,0.0,0.0
1522.0,105.0,0.0,105.0,899.0,0.0,0.0
1523.0,108.0,0.0,108.0,901.0,0.0,0.0
1524.0,110.0,0.0,110.0,903.0,0.0,0.0
1525.0,112.0,0.0,112.0,906.0,0.0,0.0
1526.0,114.0,0.0,114.0,908.0,0.0,0.0
1527.0,117.0,0.0,117.0,911.0,0.0,0.0
1528.0,119.0,0.0,119.0,914.0,0.0,0.0
1529.0,122.0,0.0,122.0,917.0,0.0,0.0
1530.0,125.0,0.0,125.0,921.0,0.0,0.0
1531.0,128.0,0.0,128.0,924.0,0.0,0.0
1532.0,131.0,0.0,131.0,928.0,0.0,0.0
1533.0,134.0,0.0,134.0,932.0,0.0,0.0
1534.0,137.0,0.0,137.0,937.0,0.0,0.0
1535.0,140.0,0.0,140.0,941.0,0.0,0.0
1536.0,143.0,0.0,143.0,940.0,0.0,0.0
1537.0,147.0,0.0,147.0,940.0,0.0,0.0
1538.0,150.0,0.0,150.0,940.0,0.0,0.0
1539.0,154.0,0.0,154.0,940.0,0.0,0.0
1540.0,157.0,0.0,157.0,940.0,0.0,0.0
1541.0,161.0,0.0,161.0,940.0,0.0,1.0
1542.0,161.0,0.0,161.0,945.0,0.0,1.0
1543.0,164.0,0.0,164.0,939.0,0.0,4.0
1544.0,168.0,0.0,168.0,932.0,0.0,8.0
1545.0,172.0,0.0,172.0,926.0,0.0,12.0
1546.0,176.0,0.0,176.0,922.0,0.0,16.0
1547.0,180.0,0.0,180.0,918.0,0.0,20.0
1548.0,183.0,0.0,183.0,915.0,0.0,23.0
1549.0,187.0,0.0,187.0,911.0,0.0,27.0
1550.0,191.0,0.0,191.0,908.0,0.0,31.0
1551.0,195.0,0.0,195.0,905.0,0.0,35.0
1552.0,198.0,0.0,198.0,903.0,0.0,38.0
1553.0,202.0,0.0,202.0,900.0,0.0,42.0
1554.0,205.0,0.0,205.0,898.0,0.0,45.0
1555.0,209.0,0.0,209.0,896.0,0.0,49.0
1556.0,213.0,0.0,213.0,894.0,0.0,53.0
1557.0,216.0,0.0,216.0,893.0,0.0,56.0
1558.0,220.0,0.0,220.0,891.0,0.0,60.0
1559.0,223.0,0.0,223.0,890.0,0.0,63.0
1560.0,227.0,0.0,227.0,889.0,0.0,67.0
1561.0,230.0,0.0,230.0,888.0,0.0,70.0
1562.0,234.0,0.0,234.0,888.0,0.0,74.0
1563.0,237.0,0.0,237.0,888.0,0.0,77.0
1564.0,241.0,0.0,241.0,888.0,0.0,81.0
1565.0,244.0,0.0,244.0,888.0,0.0,84.0
1566.0,248.0,0.0,248.0,888.0,0.0,88.0
1567.0,252.0,0.0,252.0,889.0,0.0,92.0
1568.0,255.0,0.0,255.0,890.0,0.0,95.0
1569.0,259.0,0.0,259.0,891.0,0.0,99.0
1570.0,263.0,0.0,263.0,892.0,0.0,103.0
1571.0,267.0,0.0,267.0,893.0,0.0,107.0
1572.0,272.0,0.0,272.0,895.0,0.0,112.0
1573.0,276.0,0.0,276.0,897.0,0.0,116.0
1574.0,280.0,0.0,280.0,899.0,0.0,120.0
1575.0,285.0,0.0,285.0,901.0,0.0,125.0
1576.0,289.0,0.0,289.0,904.0,0.0,129.0
1577.0,294.0,0.0,294.0,907.0,0.0,134.0
1578.0,299.0,0.0,299.0,910.0,0.0,139.0
1579.0,304.0,0.0,304.0,913.0,0.0,144.0
1580.0,309.0,0.0,309.0,916.0,0.0,149.0
1581.0,314.0,0.0,314.0,920.0,0.0,154.0
1582.0,319.0,0.0,319.0,924.0,0.0,159.0
1583.0,324.0,0.0,324.0,928.0,0.0,164.0
1584.0,329.0,0.0,329.0,932.0,0.0,169.0
1585.0,335.0,0.0,335.0,937.0,0.0,175.0
1586.0,340.0,0.0,340.0,942.0,0.0,180.0
1587.0,346.0,0.0,346.0,947.0,0.0,186.0
1588.0,351.0,0.0,351.0,943.0,0.0,191.0
1589.0,357.0,0.0,357.0,942.0,0.0,197.0
1590.0,363.0,0.0,363.0,943.0,0.0,203.0
1591.0,369.0,0.0,369.0,942.0,0.0,209.0
1592.0,374.0,0.0,374.0,942.0,0.0,214.0
1593.0,380.0,0.0,380.0,940.0,0.0,220.0
1594.0,386.0,0.0,386.0,940.0,0.0,226.0
1595.0,392.0,0.0,392.0,940.0,0.0,232.0
1596.0,398.0,0.0,398.0,940.0,0.0,238.0
1597.0,404.0,0.0,404.0,940.0,0.0,244.0
1598.0,410.0,0.0,410.0,940.0,0.0,250.0
1599.0,416.0,0.0,416.0,940.0,0.0,256.0
1600.0,422.0,0.0,422.0,940.0,0.0,262.0
1601.0,428.0,0.0,428.0,940.0,0.0,268.0
1602.0,434.0,0.0,434.0,940.0,0.0,274.0
1603.0,440.0,0.0,440.0,940.0,0.0,280.0
1604.0,446.0,0.0,446.0,940.0,0.0,286.0
1605.0,452.0,0.0,452.0,940.0,0.0,292.0
1606.0,458.0,0.0,458.0,940.0,0.0,298.0
1607.0,464.0,0.0,464.0,940.0,0.0,304.0
1608.0,470.0,0.0,470.0,940.0,0.0,310.0
1609.0,476.0,0.0,476.0,940.0,0.0,316.0
1610.0,482.0,0.0,482.0,940.0,0.0,322.0
1611.0,488.0,0.0,488.0,940.0,0.0,328.0
1612.0,494.0,0.0,494.0,940.0,0.0,334.0
1613.0,500.0,0.0,500.0,940.0,0.0,340.0
1614.0,506.0,0.0,506.0,940.0,0.0,346.0
1615.0,512.0,0.0,512.0,940.0,0.0,352.0
1616.0,518.0,0.0,518.0,940.0,0.0,358.0
1617.0,524.0,0.0,524.0,940.0,0.0,364.0
1618.0,530.0,0.0,530.0,940.0,0.0,370.0
1619.0,536.0,0.0,536.0,940.0,0.0,376.0
1620.0,542.0,0.0,542.0,940.0,0.0,382.0
1621.0,548.0,0.0,548.0,940.0,0.0,388.0
1622.0,554.0,0.0,554.0,940.0,0.0,394.0
1623.0,560.0,0.0,560.0,940.0,0.0,400.0
1624.0,566.0,0.0,566.0,940.0,0.0,406.0
1625.0,572.0,0.0,572.0,942.0,0.0,412.0
1626.0,578.0,0.0,578.0,943.0,0.0,418.0
1627.0,578.0,0.0,578.0,948.0,0.0,418.0
1628.0,584.0,0.0,584.0,943.0,0.0,424.0
1629.0,590.0,0.0,590.0,937.0,0.0,430.0
1630.0,596.0,0.0,596.0,932.0,0.0,436.0
1631.0,602.0,0.0,602.0,928.0,0.0,442.0
1632.0,607.0,0.0,607.0,924.0,0.0,447.0
1633.0,613.0,0.0,613.0,920.0,0.0,453.0
1634.0,619.0,0.0,619.0,917.0,0.0,459.0
1635.0,624.0,0.0,624.0,914.0,0.0,464.0
1636.0,630.0,0.0,630.0,911.0,0.0,470.0
1637.0,635.0,0.0,635.0,908.0,0.0,475.0
1638.0,640.0,0.0,640.0,906.0,0.0,480.0
1639.0,645.0,0.0,645.0,903.0,0.0,485.0
1640.0,650.0,0.0,650.0,901.0,0.0,490.0
1641.0,655.0,0.0,655.0,900.0,0.0,495.0
1642.0,660.0,0.0,660.0,898.0,0.0,500.0
1643.0,665.0,0.0,665.0,897.0,0.0,505.0
1644.0,670.0,0.0,670.0,895.0,0.0,510.0
1645.0,675.0,0.0,675.0,895.0,0.0,515.0
1646.0,680.0,0.0,680.0,894.0,0.0,520.0
1647.0,684.0,0.0,684.0,893.0,0.0,524.0
1648.0,689.0,0.0,689.0,893.0,0.0,529.0
1649.0,694.0,0.0,694.0,893.0,0.0,534.0
1650.0,698.0,0.0,698.0,893.0,0.0,538.0
1651.0,703.0,0.0,703.0,893.0,0.0,543.0
1652.0,708.0,0.0,708.0,894.0,0.0,548.0
1653.0,713.0,0.0,713.0,895.0,0.0,553.0
1654.0,718.0,0.0,718.0,896.0,0.0,558.0
1655.0,723.0,0.0,723.0,897.0,0.0,563.0
1656.0,728.0,0.0,728.0,899.0,0.0,568.0
1657.0,733.0,0.0,733.0,900.0,0.0,573.0
1658.0,739.0,0.0,739.0,902.0,0.0,579.0
1659.0,744.0,0.0,744.0,904.0,0.0,584.0
1660.0,750.0,0.0,750.0,907.0,0.0,590.0
1661.0,756.0,0.0,756.0,909.0,0.0,596.0
1662.0,761.0,0.0,761.0,912.0,0.0,601.0
1663.0,767.0,0.0,767.0,915.0,0.0,607.0
1664.0,2773.0,10.0,773.0,918.0,0.0,613.0
1665.0,2779.0,10.0,779.0,915.0,0.0,619.0
1666.0,2785.0,10.0,785.0,912.0,0.0,625.0
1667.0,2791.0,10.0,791.0,909.0,0.0,631.0
1668.0,2796.0,10.0,796.0,906.0,0.0,636.0
1669.0,2802.0,10.0,802.0,903.0,0.0,642.0
1670.0,2807.0,10.0,807.0,901.0,0.0,647.0
1671.0,2812.0,10.0,812.0,899.0,0.0,652.0
1672.0,2818.0,10.0,818.0,897.0,0.0,658.0
1673.0,2823.0,10.0,823.0,895.0,0.0,663.0
1674.0,2828.0,10.0,828.0,894.0,0.0,668.0
1675.0,2833.0,10.0,833.0,892.0,0.0,673.0
1676.0,2838.0,10.0,838.0,891.0,0.0,678.0
1677.0,2843.0,10.0,843.0,891.0,0.0,683.0
1678.0,2848.0,10.0,848.0,890.0,0.0,688.0
1679.0,2852.0,10.0,852.0,890.0,0.0,692.0
1680.0,2857.0,10.0,857.0,890.0,0.0,697.0
1681.0,2862.0,10.0,862.0,890.0,0.0,702.0
1682.0,2867.0,10.0,867.0,890.0,0.0,707.0
1683.0,2872.0,10.0,872.0,890.0,0.0,712.0
1684.0,2877.0,10.0,877.0,891.0,0.0,717.0
1685.0,2882.0,10.0,882.0,892.0,0.0,722.0
1686.0,2887.0,10.0,887.0,893.0,0.0,727.0
1687.0,2893.0,10.0,893.0,895.0,0.0,733.0
1688.0,2898.0,10.0,898.0,896.0,0.0,738.0
1689.0,2904.0,10.0,904.0,898.0,0.0,744.0
1690.0,2910.0,10.0,910.0,900.0,0.0,750.0
1691.0,2915.0,10.0,915.0,902.0,0.0,755.0
1692.0,2921.0,10.0,921.0,905.0,0.0,761.0
1693.0,2927.0,10.0,927.0,907.0,0.0,767.0
1694.0,2933.0,10.0,933.0,901.0,0.0,773.0
1695.0,2939.0,10.0,939.0,897.0,0.0,779.0
1696.0,2944.0,10.0,944.0,895.0,0.0,784.0
1697.0,2950.0,10.0,950.0,892.0,0.0,790.0
1698.0,2955.0,10.0,955.0,889.0,0.0,795.0
1699.0,2961.0,10.0,961.0,886.0,0.0,801.0
1700.0,2966.0,10.0,966.0,884.0,0.0,806.0
1701.0,2972.0,10.0,972.0,883.0,0.0,812.0
1702.0,2978.0,10.0,978.0,882.0,0.0,818.0
1703.0,2984.0,10.0,984.0,879.0,0.0,824.0
1704.0,2990.0,10.0,990.0,879.0,0.0,830.0
1705.0,2996.0,10.0,996.0,878.0,0.0,836.0
1706.0,3001.0,10.0,1001.0,876.0,0.0,841.0
1707.0,3007.0,10.0,1007.0,876.0,0.0,847.0
1708.0,3013.0,10.0,1013.0,876.0,0.0,853.0
1709.0,3019.0,10.0,1019.0,876.0,0.0,859.0
1710.0,3025.0,10.0,1025.0,876.0,0.0,865.0
1711.0,3031.0,10.0,1031.0,876.0,0.0,871.0
1712.0,3037.0,10.0,1037.0,876.0,0.0,877.0
1713.0,3043.0,10.0,1043.0,876.0,0.0,883.0
1714.0,3049.0,10.0,1049.0,876.0,0.0,889.0
1715.0,3055.0,10.0,1055.0,876.0,0.0,895.0
1716.0,3061.0,10.0,1061.0,876.0,0.0,901.0
1717.0,3067.0,10.0,1067.0,876.0,0.0,907.0
1718.0,3073.0,10.0,1073.0,876.0,0.0,913.0
1719.0,3079.0,10.0,1079.0,876.0,0.0,919.0
1720.0,3085.0,10.0,1085.0,876.0,0.0,925.0
1721.0,3091.0,10.0,1091.0,876.0,0.0,931.0
1722.0,3097.0,10.0,1097.0,877.0,0.0,937.0
1723.0,3103.0,10.0,1103.0,877.0,0.0,943.0
1724.0,3109.0,10.0,1109.0,878.0,0.0,949.0
1725.0,3115.0,10.0,1115.0,878.0,0.0,955.0
1726.0,3121.0,10.0,1121.0,879.0,0.0,961.0
1727.0,3127.0,10.0,1127.0,880.0,0.0,967.0
1728.0,3133.0,10.0,1133.0,880.0,0.0,973.0
1729.0,3139.0,10.0,1139.0,882.0,0.0,979.0
1730.0,3145.0,10.0,1145.0,883.0,0.0,985.0
1731.0,3151.0,10.0,1151.0,883.0,0.0,991.0
1732.0,3157.0,10.0,1157.0,885.0,0.0,997.0
1733.0,3163.0,10.0,1163.0,886.0,0.0,1003.0
1734.0,3169.0,10.0,1169.0,886.0,0.0,1003.0
1735.0,3169.0,10.0,1169.0,879.0,0.0,1003.0
1736.0,3169.0,10.0,1169.0,873.0,0.0,1003.0
1737.0,3169.0,10.0,1169.0,866.0,0.0,1003.0
